text,bbox,page_number,avg_font_size,word_count,is_all_caps,char_density,ratio_of_verbs,ratio_capitalized,ends_with_colon,is_bold,normalized_vertical_gap,indentation_change,same_alignment,is_centered_A,font_size_diff,same_font,is_bold_A,is_italic_A,is_monospace_A,same_bold,same_italic,same_monospace,line_a_ends_punctuation,line_b_starts_lowercase,is_linea_in_rectangle,is_lineb_in_rectangle,both_in_table,neither_in_table,is_linea_hashed,is_lineb_hashed,both_hashed,neither_hashed,title_label,model_labels,predicted_category,confidence_score
Edit text in a PDF,"[0, 0, 100, 20]",2,24.0,5,0,0.007,0.0,0.4,0,0,0.0,0.0,1,1,0.0,1,0,0,0,1,1,1,0,0,0,0,0,1,0,0,0,1,,1,Title/Heading,1.0
"Open the PDF you want to edit in Acrobat, and then select Edit in the global bar.","[0, 0, 100, 20]",2,12.0,17,0,0.0325,0.2352941176470588,0.2352941176470588,0,0,0.0,0.0,1,1,0.0,1,0,0,0,1,1,1,1,0,0,0,0,1,0,0,0,1,,0,Text/Paragraph,0.9832205068885735
"The PDF switches to the edit mode, and the Edit panel displays. If the PDF is generated from a","[0, 0, 100, 20]",2,12.0,19,0,0.038,0.1052631578947368,0.2631578947368421,0,0,0.0,0.0,1,1,0.0,1,0,0,0,1,1,1,0,0,0,0,0,1,0,0,0,1,,0,Text/Paragraph,0.9609760305566624
"scanned document, Acrobat automatically runs OCR to make the text and images editable.","[0, 0, 100, 20]",2,12.0,13,0,0.037,0.2307692307692307,0.1538461538461538,0,0,0.0,0.0,1,1,0.0,1,0,0,0,1,1,1,1,0,0,0,0,1,0,0,0,1,,0,Text/Paragraph,0.9089117641495493
"The Edit panel includes options to modify the page, add content, redact a PDF, and convert","[0, 0, 100, 20]",2,12.0,16,0,0.0375,0.25,0.1875,0,0,0.0,0.0,1,1,0.0,1,0,0,0,1,1,1,0,0,0,0,0,1,0,0,0,1,,0,Text/Paragraph,0.9651985254399283
"various documents to PDF forms. You can use the options in the Edit panel to replace, edit, or","[0, 0, 100, 20]",2,12.0,18,0,0.0385,0.1666666666666666,0.1666666666666666,0,0,0.0,0.0,1,1,0.0,1,0,0,0,1,1,1,0,0,0,0,0,1,0,0,0,1,,0,Text/Paragraph,0.9871567573051252
"add text to a PDF. You can correct typos, change fonts and typeface size, adjust alignment,","[0, 0, 100, 20]",2,12.0,16,0,0.038,0.125,0.125,0,0,0.0,0.0,1,1,0.0,1,0,0,0,1,1,1,1,0,0,0,0,1,0,0,0,1,,0,Text/Paragraph,0.9679250280365091
"add superscripts or subscripts, and resize text or paragraphs.","[0, 0, 100, 20]",2,12.0,9,0,0.027,0.2222222222222222,0.0,0,0,0.0,0.0,1,1,0.0,1,0,0,0,1,1,1,1,0,0,0,0,1,0,0,0,1,,1,Title/Heading,0.8137721226928087
Set the default font for adding and editing text,"[0, 0, 100, 20]",3,16.02,9,0,0.02,0.2222222222222222,0.1111111111111111,0,0,0.0,0.0,1,1,0.0,1,0,0,0,1,1,1,0,0,0,0,0,1,0,0,0,1,,1,Title/Heading,0.9999999996571227
"When you add text in a PDF, by default Acrobat chooses nearby font attributes for the new","[0, 0, 100, 20]",3,12.0,17,0,0.0365,0.1176470588235294,0.1764705882352941,0,0,0.0,0.0,1,1,0.0,1,0,0,0,1,1,1,0,0,0,0,0,1,0,0,0,1,,0,Text/Paragraph,0.9949400601292487
"text. When you edit text, any font that isn't available on the system is substituted by a default","[0, 0, 100, 20]",3,12.0,18,0,0.04,0.2105263157894736,0.0526315789473684,0,0,0.0,0.0,1,1,0.0,1,0,0,0,1,1,1,0,0,0,0,0,1,0,0,0,1,,0,Text/Paragraph,0.9969678946454374
"fall-back font for the particular script. For example, Minion Pro is the default fall-back font for","[0, 0, 100, 20]",3,12.0,16,0,0.042,0.0625,0.1666666666666666,0,0,0.0,0.0,1,1,0.0,1,0,0,0,1,1,1,0,0,0,0,0,1,0,0,0,1,,0,Text/Paragraph,0.9930558840748558
Roman script fonts. The substitution of unavailable fonts by default fonts can introduce,"[0, 0, 100, 20]",3,12.0,13,0,0.038,0.0769230769230769,0.1538461538461538,0,0,0.0,0.0,1,1,0.0,1,0,0,0,1,1,1,0,0,0,0,0,1,0,0,0,1,,0,Text/Paragraph,0.8599596525107571
"inconsistency in the look and feel of text in a PDF document. To avoid inconsistency, choose a","[0, 0, 100, 20]",3,12.0,17,0,0.039,0.1176470588235294,0.1176470588235294,0,0,0.0,0.0,1,1,0.0,1,0,0,0,1,1,1,0,0,0,0,0,1,0,0,0,1,,0,Text/Paragraph,0.9248286617512734
specific font for any text that is added or modified in the PDF document from Font,"[0, 0, 100, 20]",3,12.0,16,0,0.0335,0.1875,0.125,0,0,0.0,0.0,1,1,0.0,1,0,0,0,1,1,1,0,0,0,0,0,1,0,0,0,1,,0,Text/Paragraph,0.9650151267988055
Options under Content Editing.,"[0, 0, 100, 20]",3,12.0,4,0,0.0135,0.0,0.75,0,0,0.0,0.0,1,1,0.0,1,0,0,0,1,1,1,1,0,0,0,0,1,0,0,0,1,,1,Title/Heading,0.9727924286468616
"1. From the hamburger menu Windows or the Acrobat menu macOS,","[0, 0, 100, 20]",3,12.0,11,0,0.0255,0.0,0.2727272727272727,0,0,0.0,0.0,1,1,0.0,1,0,0,0,1,1,1,1,0,0,0,0,1,0,0,0,1,,1,Title/Heading,0.8495839805159955
choose Preferences . The Preferences dialog box is displayed.,"[0, 0, 100, 20]",3,12.0,9,0,0.0265,0.25,0.375,0,0,0.0,0.0,1,1,0.0,1,0,0,0,1,1,1,1,0,0,0,0,1,0,0,0,1,,1,Title/Heading,0.6042311329377189
"Alternatively, you can press Ctrl+K keys on Windows® or Command+K keys on","[0, 0, 100, 20]",3,12.0,12,0,0.031,0.0833333333333333,0.4285714285714285,0,0,0.0,0.0,1,1,0.0,1,0,0,0,1,1,1,0,0,0,0,0,1,0,0,0,1,,1,Title/Heading,0.5284178783272645
macOS.,"[0, 0, 100, 20]",3,12.0,1,0,0.003,0.0,0.0,0,0,0.0,0.0,1,1,0.0,1,0,0,0,1,1,1,1,0,0,0,0,1,0,0,0,1,,1,Title/Heading,0.9959500373404683
"2. In the dialog box, select Content Editing under Categories to display Font Options.","[0, 0, 100, 20]",3,12.0,14,0,0.0365,0.0714285714285714,0.4285714285714285,0,0,0.0,0.0,1,1,0.0,1,0,0,0,1,1,1,1,0,0,0,0,1,0,0,0,1,,0,Text/Paragraph,0.74871400974475
3. Select an appropriate font in the drop-down lists:,"[0, 0, 100, 20]",3,12.0,9,0,0.0225,0.0,0.1,1,0,0.0,0.0,1,1,0.0,1,0,0,0,1,1,1,1,0,0,0,0,1,0,0,0,1,,1,Title/Heading,0.9890019637056491
1. Fallback font for Editing.,"[0, 0, 100, 20]",3,12.0,5,0,0.0125,0.0,0.4,0,0,0.0,0.0,1,1,0.0,1,0,0,0,1,1,1,1,0,0,0,0,1,0,0,0,1,,1,Title/Heading,0.9843242340991368
2. Default font for Add Text and Font Size.,"[0, 0, 100, 20]",3,12.0,9,0,0.0175,0.0,0.5555555555555556,0,0,0.0,0.0,1,1,0.0,1,0,0,0,1,1,1,1,0,0,0,0,1,0,0,0,1,,1,Title/Heading,0.9305552031619483
4. Select OK to save the changes and close the Preferences dialog box.,"[0, 0, 100, 20]",3,12.0,13,0,0.029,0.1538461538461538,0.2307692307692307,0,0,0.0,0.0,1,1,0.0,1,0,0,0,1,1,1,1,0,0,0,0,1,0,0,0,1,,0,Text/Paragraph,0.7063132573483808
"Change, replace, or delete text","[0, 0, 100, 20]",4,16.02,5,0,0.0135,0.2,0.2,0,0,0.0,0.0,1,1,0.0,1,0,0,0,1,1,1,0,0,0,0,0,1,0,0,0,1,,1,Title/Heading,0.9999999999153151
"When you edit text, the text in the paragraph reflows within its text box to accommodate the","[0, 0, 100, 20]",4,12.0,17,0,0.038,0.1764705882352941,0.0588235294117647,0,0,0.0,0.0,1,1,0.0,1,0,0,0,1,1,1,0,0,0,0,0,1,0,0,0,1,,0,Text/Paragraph,0.974928441857073
"changes. Each text box is independent, and inserting text in one text block doesn’t push down","[0, 0, 100, 20]",4,12.0,16,0,0.039,0.1111111111111111,0.0588235294117647,0,0,0.0,0.0,1,1,0.0,1,0,0,0,1,1,1,0,0,0,0,0,1,0,0,0,1,,0,Text/Paragraph,0.9987150604555782
an adjacent text box or reflow to the next page.,"[0, 0, 100, 20]",4,12.0,10,0,0.0195,0.1,0.0,0,0,0.0,0.0,1,1,0.0,1,0,0,0,1,1,1,1,0,0,0,0,1,0,0,0,1,,0,Text/Paragraph,0.6667229802343333
1. Select Edit in the global bar.,"[0, 0, 100, 20]",4,12.0,7,0,0.0135,0.0,0.2857142857142857,0,0,0.0,0.0,1,1,0.0,1,0,0,0,1,1,1,1,0,0,0,0,1,0,0,0,1,,1,Title/Heading,0.7915718345119641
"2. Select the text that you want to edit. The text-box turns blue upon selection, and a","[0, 0, 100, 20]",4,12.0,17,0,0.0355,0.1764705882352941,0.1111111111111111,0,0,0.0,0.0,1,1,0.0,1,0,0,0,1,1,1,0,0,0,0,0,1,0,0,0,1,,0,Text/Paragraph,0.970656898716611
rotation handle appears at the top of the selected text-box.,"[0, 0, 100, 20]",4,12.0,10,0,0.0255,0.2,0.0,0,0,0.0,0.0,1,1,0.0,1,0,0,0,1,1,1,1,0,0,0,0,1,0,0,0,1,,1,Title/Heading,0.7330747022036997
3. Edit the text by doing one of the following:,"[0, 0, 100, 20]",4,12.0,10,0,0.019,0.1,0.1,1,0,0.0,0.0,1,1,0.0,1,0,0,0,1,1,1,1,0,0,0,0,1,0,0,0,1,,1,Title/Heading,0.9696065447443931
"1. Type new text to replace the selected text, or press Delete to remove it.","[0, 0, 100, 20]",4,12.0,15,0,0.031,0.2,0.1333333333333333,0,0,0.0,0.0,1,1,0.0,1,0,0,0,1,1,1,1,0,0,0,0,1,0,0,0,1,,0,Text/Paragraph,0.9068120107903962
"2. To rotate the text box, use the rotation handle at the top of the selected text","[0, 0, 100, 20]",4,12.0,17,0,0.033,0.1764705882352941,0.0588235294117647,0,0,0.0,0.0,1,1,0.0,1,0,0,0,1,1,1,0,0,0,0,0,1,0,0,0,1,,0,Text/Paragraph,0.8541492436909867
box.,"[0, 0, 100, 20]",4,12.0,1,0,0.002,0.0,0.0,0,0,0.0,0.0,1,1,0.0,1,0,0,0,1,1,1,1,0,0,0,0,1,0,0,0,1,,1,Title/Heading,0.9961106362743638
3. Manage list items using the list controls bulleted and numbered in the left,"[0, 0, 100, 20]",4,12.0,14,0,0.0325,0.2142857142857142,0.0714285714285714,0,0,0.0,0.0,1,1,0.0,1,0,0,0,1,1,1,0,0,0,0,0,1,0,0,0,1,,1,Title/Heading,0.9026847734638916
"Format panel. You can create lists and, conversely, convert a list item to a","[0, 0, 100, 20]",4,12.0,14,0,0.0315,0.1428571428571428,0.1428571428571428,0,0,0.0,0.0,1,1,0.0,1,0,0,0,1,1,1,0,0,0,0,0,1,0,0,0,1,,0,Text/Paragraph,0.7218084319237089
paragraph or change list types.,"[0, 0, 100, 20]",4,12.0,5,0,0.0135,0.0,0.0,0,0,0.0,0.0,1,1,0.0,1,0,0,0,1,1,1,1,0,0,0,0,1,0,0,0,1,,1,Title/Heading,0.962080661267412
"4. Select a font, font size, or other formatting options in the left Format panel. You","[0, 0, 100, 20]",4,12.0,16,0,0.0355,0.0625,0.1875,0,0,0.0,0.0,1,1,0.0,1,0,0,0,1,1,1,0,0,0,0,0,1,0,0,0,1,,0,Text/Paragraph,0.9727143456023414
"can also try the advanced format options, such as line spacing, character","[0, 0, 100, 20]",4,12.0,12,0,0.031,0.0833333333333333,0.0,0,0,0.0,0.0,1,1,0.0,1,0,0,0,1,1,1,0,0,0,0,0,1,0,0,0,1,,0,Text/Paragraph,0.8839105591490013
"spacing, horizontal scaling, stroke width, and color.","[0, 0, 100, 20]",4,12.0,7,0,0.0235,0.1428571428571428,0.0,0,0,0.0,0.0,1,1,0.0,1,0,0,0,1,1,1,1,0,0,0,0,1,0,0,0,1,,1,Title/Heading,0.8120730547213527
"4. Select any area outside the selection to deselect it, and start over.","[0, 0, 100, 20]",5,12.0,13,0,0.03,0.0769230769230769,0.0769230769230769,0,0,0.0,0.0,1,1,0.0,1,0,0,0,1,1,1,1,0,0,0,0,1,0,0,0,1,,1,Title/Heading,0.66620709268237
Format text,"[0, 0, 100, 20]",5,16.02,2,0,0.005,0.0,0.5,0,0,0.0,0.0,1,1,0.0,1,0,0,0,1,1,1,0,0,0,0,0,1,0,0,0,1,,1,Title/Heading,0.9999999999863993
1. Select Edit in the global bar.,"[0, 0, 100, 20]",4,12.0,7,0,0.0135,0.0,0.2857142857142857,0,0,0.0,0.0,1,1,0.0,1,0,0,0,1,1,1,1,0,0,0,0,1,0,0,0,1,,1,Title/Heading,0.7915718345119641
2. Select the text that you want to change.,"[0, 0, 100, 20]",5,12.0,9,0,0.0175,0.3333333333333333,0.1111111111111111,0,0,0.0,0.0,1,1,0.0,1,0,0,0,1,1,1,1,0,0,0,0,1,0,0,0,1,,1,Title/Heading,0.9560463295956126
"3. In the Format Text section on the left panel, select a font, font size, bold, or other","[0, 0, 100, 20]",5,12.0,18,0,0.036,0.0555555555555555,0.1666666666666666,0,0,0.0,0.0,1,1,0.0,1,0,0,0,1,1,1,0,0,0,0,0,1,0,0,0,1,,0,Text/Paragraph,0.9059296048176451
"formatting options. You can also try the advanced format options, such as line spacing,","[0, 0, 100, 20]",5,12.0,14,0,0.037,0.0714285714285714,0.0714285714285714,0,0,0.0,0.0,1,1,0.0,1,0,0,0,1,1,1,1,0,0,0,0,1,0,0,0,1,,0,Text/Paragraph,0.9524464963074781
"character spacing, horizontal scaling, stroke width, and color.","[0, 0, 100, 20]",5,12.0,8,0,0.028,0.125,0.0,0,0,0.0,0.0,1,1,0.0,1,0,0,0,1,1,1,1,0,0,0,0,1,0,0,0,1,,1,Title/Heading,0.6713469901014552
Formatting options on the left pane,"[0, 0, 100, 20]",6,12.0,6,0,0.015,0.1666666666666666,0.1666666666666666,0,0,0.0,0.0,1,1,0.0,1,0,0,0,1,1,1,0,0,0,0,0,1,0,0,0,1,,1,Title/Heading,0.9704073458192155
Bold : Bolds the text.,"[0, 0, 100, 20]",6,12.0,5,0,0.009,0.0,0.5,0,0,0.0,0.0,1,1,0.0,1,0,0,0,1,1,1,1,0,0,0,0,1,0,0,0,1,,1,Title/Heading,0.8868625345770674
Italic : Makes the text italic.,"[0, 0, 100, 20]",6,12.0,6,0,0.013,0.0,0.4,0,0,0.0,0.0,1,1,0.0,1,0,0,0,1,1,1,1,0,0,0,0,1,0,0,0,1,,1,Title/Heading,0.6471912359657526
Underline : Underlines the text.,"[0, 0, 100, 20]",6,12.0,5,0,0.014,0.25,0.5,0,0,0.0,0.0,1,1,0.0,1,0,0,0,1,1,1,1,0,0,0,0,1,0,0,0,1,,1,Title/Heading,0.9853577199254466
Superscript : Converts the selected text into superscript.,"[0, 0, 100, 20]",6,12.0,8,0,0.0255,0.2857142857142857,0.2857142857142857,0,0,0.0,0.0,1,1,0.0,1,0,0,0,1,1,1,1,0,0,0,0,1,0,0,0,1,,1,Title/Heading,0.9002489759866594
Subscript : Converts the sleected text into subscript.,"[0, 0, 100, 20]",6,12.0,8,0,0.0235,0.1428571428571428,0.2857142857142857,0,0,0.0,0.0,1,1,0.0,1,0,0,0,1,1,1,1,0,0,0,0,1,0,0,0,1,,1,Title/Heading,0.729069610925341
4. Select outside the selection to deselect it and start over.,"[0, 0, 100, 20]",6,12.0,11,0,0.026,0.1818181818181818,0.0909090909090909,0,0,0.0,0.0,1,1,0.0,1,0,0,0,1,1,1,1,0,0,0,0,1,0,0,0,1,,1,Title/Heading,0.8327145874093845
Add new text,"[0, 0, 100, 20]",6,16.02,3,0,0.005,0.0,0.3333333333333333,0,0,0.0,0.0,1,1,0.0,1,0,0,0,1,1,1,0,0,0,0,0,1,0,0,0,1,,1,Title/Heading,0.9999999999129707
You can add or insert new text into a PDF using any of the fonts installed on the system.,"[0, 0, 100, 20]",6,12.0,19,0,0.0355,0.2105263157894736,0.1052631578947368,0,0,0.0,0.0,1,1,0.0,1,0,0,0,1,1,1,1,0,0,0,0,1,0,0,0,1,,0,Text/Paragraph,0.9923748297935735
"1. Select Edit in the global bar. Then, from the Edit panel, select Text under Add","[0, 0, 100, 20]",6,12.0,16,0,0.0335,0.0,0.375,0,0,0.0,0.0,1,1,0.0,1,0,0,0,1,1,1,0,0,0,0,0,1,0,0,0,1,,0,Text/Paragraph,0.9481615430172253
Content .,"[0, 0, 100, 20]",6,12.0,2,0,0.004,0.0,1.0,0,0,0.0,0.0,1,1,0.0,1,0,0,0,1,1,1,1,0,0,0,0,1,0,0,0,1,,1,Title/Heading,0.9943087293506221
2. Drag to define the width of the text block that you want to add.,"[0, 0, 100, 20]",6,12.0,15,0,0.0265,0.2,0.0666666666666666,0,0,0.0,0.0,1,1,0.0,1,0,0,0,1,1,1,1,0,0,0,0,1,0,0,0,1,,0,Text/Paragraph,0.6196890551444765
3. The Add text tool intelligently detects the following text properties of text close to the,"[0, 0, 100, 20]",6,12.0,16,0,0.039,0.0625,0.125,0,0,0.0,0.0,1,1,0.0,1,0,0,0,1,1,1,0,0,0,0,0,1,0,0,0,1,,1,Title/Heading,0.5585507180965333
point of click:,"[0, 0, 100, 20]",6,12.0,3,0,0.0065,0.0,0.0,1,0,0.0,0.0,1,1,0.0,1,0,0,0,1,1,1,1,0,0,0,0,1,0,0,0,1,,1,Title/Heading,0.9944121991720021
"Font name, size, and color","[0, 0, 100, 20]",6,12.0,5,0,0.011,0.0,0.2,0,0,0.0,0.0,1,1,0.0,1,0,0,0,1,1,1,0,0,0,0,0,1,0,0,0,1,,1,Title/Heading,0.9656166793904956
"Character, paragraph, and line spacing","[0, 0, 100, 20]",7,12.0,5,0,0.017,0.0,0.2,0,0,0.0,0.0,1,1,0.0,1,0,0,0,1,1,1,0,0,0,0,0,1,0,0,0,1,,1,Title/Heading,0.9565389105864729
Horizontal scaling,"[0, 0, 100, 20]",7,12.0,2,0,0.0085,0.0,0.5,0,0,0.0,0.0,1,1,0.0,1,0,0,0,1,1,1,0,0,0,0,0,1,0,0,0,1,,1,Title/Heading,0.9573380053971415
These text properties are automatically applied to the text that you add at the point of click.,"[0, 0, 100, 20]",7,12.0,17,0,0.0395,0.1764705882352941,0.0588235294117647,0,0,0.0,0.0,1,1,0.0,1,0,0,0,1,1,1,1,0,0,0,0,1,0,0,0,1,,0,Text/Paragraph,0.9437995164567751
You can change the text properties using the options under Format in the left pane.,"[0, 0, 100, 20]",7,12.0,15,0,0.0345,0.1333333333333333,0.1333333333333333,0,0,0.0,0.0,1,1,0.0,1,0,0,0,1,1,1,1,0,0,0,0,1,0,0,0,1,,0,Text/Paragraph,0.9220094822203829
4. Type the text.,"[0, 0, 100, 20]",7,12.0,4,0,0.007,0.0,0.25,0,0,0.0,0.0,1,1,0.0,1,0,0,0,1,1,1,1,0,0,0,0,1,0,0,0,1,,1,Title/Heading,0.9980788305037029
"5. To resize the text box, drag a selection handle.","[0, 0, 100, 20]",7,12.0,10,0,0.021,0.2,0.1,0,0,0.0,0.0,1,1,0.0,1,0,0,0,1,1,1,1,0,0,0,0,1,0,0,0,1,,1,Title/Heading,0.8960248701572431
"6. To move the text box, place the pointer over the line of the bounding box avoid the","[0, 0, 100, 20]",7,12.0,18,0,0.0345,0.1111111111111111,0.0555555555555555,0,0,0.0,0.0,1,1,0.0,1,0,0,0,1,1,1,0,0,0,0,0,1,0,0,0,1,,0,Text/Paragraph,0.8132544650273872
"selection handles. When the cursor changes to Move pointer, drag the box to the","[0, 0, 100, 20]",7,12.0,14,0,0.033,0.0714285714285714,0.1428571428571428,0,0,0.0,0.0,1,1,0.0,1,0,0,0,1,1,1,0,0,0,0,0,1,0,0,0,1,,0,Text/Paragraph,0.6981327502128467
"new location. To maintain alignment with the other list items, press Shift as you drag.","[0, 0, 100, 20]",7,12.0,15,0,0.0365,0.1333333333333333,0.1333333333333333,0,0,0.0,0.0,1,1,0.0,1,0,0,0,1,1,1,1,0,0,0,0,1,0,0,0,1,,0,Text/Paragraph,0.9776783445390563
"Move, rotate, or resize a text box","[0, 0, 100, 20]",7,16.02,7,0,0.014,0.1428571428571428,0.1428571428571428,0,0,0.0,0.0,1,1,0.0,1,0,0,0,1,1,1,0,0,0,0,0,1,0,0,0,1,,1,Title/Heading,0.9999999998927576
"You can move or rotate text boxes on a page. The Edit tool outlines each text box, so it's clear","[0, 0, 100, 20]",7,12.0,20,0,0.0385,0.1428571428571428,0.1428571428571428,0,0,0.0,0.0,1,1,0.0,1,0,0,0,1,1,1,0,0,0,0,0,1,0,0,0,1,,0,Text/Paragraph,0.9979538247461924
what text is affected. Edits are confined to the page. You can't drag a text block to another,"[0, 0, 100, 20]",7,12.0,18,0,0.038,0.2631578947368421,0.1052631578947368,0,0,0.0,0.0,1,1,0.0,1,0,0,0,1,1,1,0,0,0,0,0,1,0,0,0,1,,0,Text/Paragraph,0.9881499836504886
"page, or move or rotate individual characters or words within a text box. However, you can","[0, 0, 100, 20]",7,12.0,16,0,0.0375,0.125,0.0625,0,0,0.0,0.0,1,1,0.0,1,0,0,0,1,1,1,0,0,0,0,0,1,0,0,0,1,,0,Text/Paragraph,0.9475307034342717
copy text boxes and paste them on another page.,"[0, 0, 100, 20]",7,12.0,9,0,0.0195,0.1111111111111111,0.0,0,0,0.0,0.0,1,1,0.0,1,0,0,0,1,1,1,1,0,0,0,0,1,0,0,0,1,,1,Title/Heading,0.8505538769274228
Resizing a text box causes the text to reflow within the new text box boundaries. It doesn't,"[0, 0, 100, 20]",7,12.0,17,0,0.038,0.2222222222222222,0.1111111111111111,0,0,0.0,0.0,1,1,0.0,1,0,0,0,1,1,1,0,0,0,0,0,1,0,0,0,1,,0,Text/Paragraph,0.9904037482578768
"change the size of the text. As with other text edits, resizing is limited to the current page. Text","[0, 0, 100, 20]",7,12.0,19,0,0.041,0.2105263157894736,0.1052631578947368,0,0,0.0,0.0,1,1,0.0,1,0,0,0,1,1,1,0,0,0,0,0,1,0,0,0,1,,0,Text/Paragraph,0.9994005323633691
doesn't flow to the next page.,"[0, 0, 100, 20]",7,12.0,6,0,0.0125,0.2857142857142857,0.0,0,0,0.0,0.0,1,1,0.0,1,0,0,0,1,1,1,1,0,0,0,0,1,0,0,0,1,,1,Title/Heading,0.9612773427496293
"1. Select Edit in the global bar. Then, from the Edit panel, select Text under Add","[0, 0, 100, 20]",6,12.0,16,0,0.0335,0.0,0.375,0,0,0.0,0.0,1,1,0.0,1,0,0,0,1,1,1,0,0,0,0,0,1,0,0,0,1,,0,Text/Paragraph,0.9481615430172253
Content .,"[0, 0, 100, 20]",6,12.0,2,0,0.004,0.0,1.0,0,0,0.0,0.0,1,1,0.0,1,0,0,0,1,1,1,1,0,0,0,0,1,0,0,0,1,,1,Title/Heading,0.9943087293506221
"2. Select the text box that you want to move, rotate, or resize.","[0, 0, 100, 20]",7,12.0,13,0,0.026,0.3076923076923077,0.0769230769230769,0,0,0.0,0.0,1,1,0.0,1,0,0,0,1,1,1,1,0,0,0,0,1,0,0,0,1,,1,Title/Heading,0.5132907366135809
3. Do any of the following:,"[0, 0, 100, 20]",8,12.0,6,0,0.011,0.1666666666666666,0.1666666666666666,1,0,0.0,0.0,1,1,0.0,1,0,0,0,1,1,1,1,0,0,0,0,1,0,0,0,1,,1,Title/Heading,0.9997900952637611
1. Move : Place the pointer over the line of the bounding box avoid the selection,"[0, 0, 100, 20]",8,12.0,16,0,0.033,0.0,0.1333333333333333,0,0,0.0,0.0,1,1,0.0,1,0,0,0,1,1,1,0,0,0,0,0,1,0,0,0,1,,1,Title/Heading,0.5412123148160944
"handles. When the cursor changes to Move pointer, drag the box to the","[0, 0, 100, 20]",8,12.0,13,0,0.0285,0.0769230769230769,0.1538461538461538,0,0,0.0,0.0,1,1,0.0,1,0,0,0,1,1,1,0,0,0,0,0,1,0,0,0,1,,0,Text/Paragraph,0.5547752493227357
desired location. Hold down the Shift key as you drag to constrain the,"[0, 0, 100, 20]",8,12.0,13,0,0.029,0.3076923076923077,0.1538461538461538,0,0,0.0,0.0,1,1,0.0,1,0,0,0,1,1,1,0,0,0,0,0,1,0,0,0,1,,0,Text/Paragraph,0.7368048323510109
movement vertically or horizontally.,"[0, 0, 100, 20]",8,12.0,4,0,0.0165,0.0,0.0,0,0,0.0,0.0,1,1,0.0,1,0,0,0,1,1,1,1,0,0,0,0,1,0,0,0,1,,1,Title/Heading,0.9558811892333586
"2. Rotate : Click and hold the Rotation pointer, drag in the direction you","[0, 0, 100, 20]",8,12.0,14,0,0.0305,0.0769230769230769,0.2307692307692307,0,0,0.0,0.0,1,1,0.0,1,0,0,0,1,1,1,0,0,0,0,0,1,0,0,0,1,,1,Title/Heading,0.5917960012479876
want it to rotate.,"[0, 0, 100, 20]",8,12.0,4,0,0.0075,0.5,0.0,0,0,0.0,0.0,1,1,0.0,1,0,0,0,1,1,1,1,0,0,0,0,1,0,0,0,1,,1,Title/Heading,0.9990060420711222
"3. Resize : Place the pointer over any of the circular selection handles, and drag","[0, 0, 100, 20]",8,12.0,15,0,0.034,0.0,0.1428571428571428,0,0,0.0,0.0,1,1,0.0,1,0,0,0,1,1,1,0,0,0,0,0,1,0,0,0,1,,1,Title/Heading,0.8724462328877458
the handle to resize the text block.,"[0, 0, 100, 20]",9,12.0,7,0,0.015,0.1428571428571428,0.0,0,0,0.0,0.0,1,1,0.0,1,0,0,0,1,1,1,1,0,0,0,0,1,0,0,0,1,,1,Title/Heading,0.947520883604587
Add or edit lists,"[0, 0, 100, 20]",9,16.02,4,0,0.007,0.0,0.25,0,0,0.0,0.0,1,1,0.0,1,0,0,0,1,1,1,0,0,0,0,0,1,0,0,0,1,,1,Title/Heading,0.9999999999572351
"You can add items to a numbered or bulleted list, create list items, convert a paragraph to a","[0, 0, 100, 20]",9,12.0,18,0,0.038,0.1111111111111111,0.0555555555555555,0,0,0.0,0.0,1,1,0.0,1,0,0,0,1,1,1,0,0,0,0,0,1,0,0,0,1,,0,Text/Paragraph,0.9963610294227399
"list item, and conversely. You can also change list types.","[0, 0, 100, 20]",9,12.0,10,0,0.0245,0.1,0.1,0,0,0.0,0.0,1,1,0.0,1,0,0,0,1,1,1,1,0,0,0,0,1,0,0,0,1,,1,Title/Heading,0.7601814985474019
"1. Select Edit in the global bar. Then, from the Edit panel, select Text under Add","[0, 0, 100, 20]",6,12.0,16,0,0.0335,0.0,0.375,0,0,0.0,0.0,1,1,0.0,1,0,0,0,1,1,1,0,0,0,0,0,1,0,0,0,1,,0,Text/Paragraph,0.9481615430172253
Content .,"[0, 0, 100, 20]",6,12.0,2,0,0.004,0.0,1.0,0,0,0.0,0.0,1,1,0.0,1,0,0,0,1,1,1,1,0,0,0,0,1,0,0,0,1,,1,Title/Heading,0.9943087293506221
2. To add or remove items from a numbered or bulleted list:,"[0, 0, 100, 20]",9,12.0,12,0,0.024,0.1666666666666666,0.0833333333333333,1,0,0.0,0.0,1,1,0.0,1,0,0,0,1,1,1,1,0,0,0,0,1,0,0,0,1,,1,Title/Heading,0.5776400442634698
Note: You can add or remove items to the list at all nested levels using the,"[0, 0, 100, 20]",9,12.0,16,0,0.0305,0.1875,0.125,0,0,0.0,0.0,1,1,0.0,1,0,0,0,1,1,1,0,0,0,0,0,1,0,0,0,1,,0,Text/Paragraph,0.9539542148301028
"same familiar controls that you use in Microsoft® Office. For example,","[0, 0, 100, 20]",9,12.0,11,0,0.03,0.0909090909090909,0.2727272727272727,0,0,0.0,0.0,1,1,0.0,1,0,0,0,1,1,1,1,0,0,0,0,1,0,0,0,1,,0,Text/Paragraph,0.8255501971164203
press Enter at the end of a list item to insert a new row. Press Backspace to,"[0, 0, 100, 20]",9,12.0,17,0,0.0305,0.0588235294117647,0.1764705882352941,0,0,0.0,0.0,1,1,0.0,1,0,0,0,1,1,1,0,0,0,0,0,1,0,0,0,1,,0,Text/Paragraph,0.9412699552240992
remove the new row and position the cursor back to the end of the previous,"[0, 0, 100, 20]",9,12.0,15,0,0.03,0.0666666666666666,0.0,0,0,0.0,0.0,1,1,0.0,1,0,0,0,1,1,1,0,0,0,0,0,1,0,0,0,1,,0,Text/Paragraph,0.9352424611225957
list item.,"[0, 0, 100, 20]",9,12.0,2,0,0.0045,0.0,0.0,0,0,0.0,0.0,1,1,0.0,1,0,0,0,1,1,1,1,0,0,0,0,1,0,0,0,1,,1,Title/Heading,0.9933511582152399
To create a numbered or bulleted list:,"[0, 0, 100, 20]",9,12.0,7,0,0.016,0.1428571428571428,0.1428571428571428,1,0,0.0,0.0,1,1,0.0,1,0,0,0,1,1,1,1,0,0,0,0,1,0,0,0,1,,1,Title/Heading,0.8550579064396998
1. Place the cursor in the document at the location where you want to add a list.,"[0, 0, 100, 20]",9,12.0,17,0,0.0325,0.1176470588235294,0.0588235294117647,0,0,0.0,0.0,1,1,0.0,1,0,0,0,1,1,1,1,0,0,0,0,1,0,0,0,1,,0,Text/Paragraph,0.8029087866225869
2. Choose the appropriate list type under Format Text .,"[0, 0, 100, 20]",9,12.0,10,0,0.023,0.1111111111111111,0.3333333333333333,0,0,0.0,0.0,1,1,0.0,1,0,0,0,1,1,1,1,0,0,0,0,1,0,0,0,1,,1,Title/Heading,0.7509055940657
To convert an existing paragraph to a list item:,"[0, 0, 100, 20]",9,12.0,9,0,0.02,0.2222222222222222,0.1111111111111111,1,0,0.0,0.0,1,1,0.0,1,0,0,0,1,1,1,1,0,0,0,0,1,0,0,0,1,,1,Title/Heading,0.8667857846710462
"Place the cursor in the paragraph, and then choose the appropriate list type","[0, 0, 100, 20]",9,12.0,13,0,0.032,0.0769230769230769,0.0769230769230769,0,0,0.0,0.0,1,1,0.0,1,0,0,0,1,1,1,0,0,0,0,0,1,0,0,0,1,,0,Text/Paragraph,0.7853136588251656
under Format Text .,"[0, 0, 100, 20]",9,12.0,4,0,0.008,0.0,0.6666666666666666,0,0,0.0,0.0,1,1,0.0,1,0,0,0,1,1,1,1,0,0,0,0,1,0,0,0,1,,1,Title/Heading,0.9736754140794016
To convert an existing list item to a paragraph:,"[0, 0, 100, 20]",9,12.0,9,0,0.02,0.2222222222222222,0.1111111111111111,1,0,0.0,0.0,1,1,0.0,1,0,0,0,1,1,1,1,0,0,0,0,1,0,0,0,1,,1,Title/Heading,0.9464500430688507
1. Select all items in the list. The appropriate list type is highlighted under Format Text .,"[0, 0, 100, 20]",9,12.0,17,0,0.0385,0.125,0.25,0,0,0.0,0.0,1,1,0.0,1,0,0,0,1,1,1,1,0,0,0,0,1,0,0,0,1,,0,Text/Paragraph,0.955333848278781
2. Click the highlighted list type.,"[0, 0, 100, 20]",9,12.0,6,0,0.015,0.0,0.1666666666666666,0,0,0.0,0.0,1,1,0.0,1,0,0,0,1,1,1,1,0,0,0,0,1,0,0,0,1,,1,Title/Heading,0.9659996006999215
To convert from one list type to another:,"[0, 0, 100, 20]",9,12.0,8,0,0.017,0.125,0.125,1,0,0.0,0.0,1,1,0.0,1,0,0,0,1,1,1,1,0,0,0,0,1,0,0,0,1,,1,Title/Heading,0.6302687533873558
1. Place the cursor in the list item or select all items.,"[0, 0, 100, 20]",9,12.0,12,0,0.023,0.0833333333333333,0.0833333333333333,0,0,0.0,0.0,1,1,0.0,1,0,0,0,1,1,1,1,0,0,0,0,1,0,0,0,1,,1,Title/Heading,0.7697656644651445
2. Choose the appropriate list type under Format Text .,"[0, 0, 100, 20]",9,12.0,10,0,0.023,0.1111111111111111,0.3333333333333333,0,0,0.0,0.0,1,1,0.0,1,0,0,0,1,1,1,1,0,0,0,0,1,0,0,0,1,,1,Title/Heading,0.7509055940657
Change font color,"[0, 0, 100, 20]",9,16.02,3,0,0.0075,0.3333333333333333,0.3333333333333333,0,0,0.0,0.0,1,1,0.0,1,0,0,0,1,1,1,0,0,0,0,0,1,0,0,0,1,,1,Title/Heading,0.9999999999981934
1. Select Edit in the global bar.,"[0, 0, 100, 20]",4,12.0,7,0,0.0135,0.0,0.2857142857142857,0,0,0.0,0.0,1,1,0.0,1,0,0,0,1,1,1,1,0,0,0,0,1,0,0,0,1,,1,Title/Heading,0.7915718345119641
2. Select the text that you want to change.,"[0, 0, 100, 20]",5,12.0,9,0,0.0175,0.3333333333333333,0.1111111111111111,0,0,0.0,0.0,1,1,0.0,1,0,0,0,1,1,1,1,0,0,0,0,1,0,0,0,1,,1,Title/Heading,0.9560463295956126
"3. In the Format Text section on the Edit panel, select Font color next to Font size.","[0, 0, 100, 20]",10,12.0,17,0,0.0345,0.0,0.3529411764705882,0,0,0.0,0.0,1,1,0.0,1,0,0,0,1,1,1,1,0,0,0,0,1,0,0,0,1,,1,Title/Heading,0.7966385045937906
4. For Windows : You see a color panel for Windows to choose the color you want. Select,"[0, 0, 100, 20]",10,12.0,18,0,0.035,0.1764705882352941,0.2941176470588235,0,0,0.0,0.0,1,1,0.0,1,0,0,0,1,1,1,0,0,0,0,0,1,0,0,0,1,,0,Text/Paragraph,0.934948319654338
the color you want your text to change into.,"[0, 0, 100, 20]",10,12.0,9,0,0.018,0.2222222222222222,0.0,0,0,0.0,0.0,1,1,0.0,1,0,0,0,1,1,1,1,0,0,0,0,1,0,0,0,1,,1,Title/Heading,0.879273538548811
For macOS: You see a Color dialog box with options to change the font color. You can,"[0, 0, 100, 20]",10,12.0,17,0,0.034,0.1176470588235294,0.2352941176470588,0,0,0.0,0.0,1,1,0.0,1,0,0,0,1,1,1,0,0,0,0,0,1,0,0,0,1,,0,Text/Paragraph,0.9094322124735041
select the color you want and then close the dialog box to change the font color.,"[0, 0, 100, 20]",10,12.0,16,0,0.033,0.25,0.0,0,0,0.0,0.0,1,1,0.0,1,0,0,0,1,1,1,1,0,0,0,0,1,0,0,0,1,,0,Text/Paragraph,0.9432733458775708
Change font,"[0, 0, 100, 20]",11,16.02,2,0,0.005,0.0,0.5,0,0,0.0,0.0,1,1,0.0,1,0,0,0,1,1,1,0,0,0,0,0,1,0,0,0,1,,1,Title/Heading,0.9999999999863993
"1. Select Edit in the global bar. Then, from the Edit panel, select Text under Add","[0, 0, 100, 20]",6,12.0,16,0,0.0335,0.0,0.375,0,0,0.0,0.0,1,1,0.0,1,0,0,0,1,1,1,0,0,0,0,0,1,0,0,0,1,,0,Text/Paragraph,0.9481615430172253
Content .,"[0, 0, 100, 20]",6,12.0,2,0,0.004,0.0,1.0,0,0,0.0,0.0,1,1,0.0,1,0,0,0,1,1,1,1,0,0,0,0,1,0,0,0,1,,1,Title/Heading,0.9943087293506221
2. Select the text that you want to change.,"[0, 0, 100, 20]",5,12.0,9,0,0.0175,0.3333333333333333,0.1111111111111111,0,0,0.0,0.0,1,1,0.0,1,0,0,0,1,1,1,1,0,0,0,0,1,0,0,0,1,,1,Title/Heading,0.9560463295956126
"3. In the Format Text section on the Edit panel, from the Font drop-down menu, select","[0, 0, 100, 20]",11,12.0,16,0,0.035,0.0,0.2941176470588235,0,0,0.0,0.0,1,1,0.0,1,0,0,0,1,1,1,0,0,0,0,0,1,0,0,0,1,,1,Title/Heading,0.8490286787645895
the Font you want for the selected text.,"[0, 0, 100, 20]",11,12.0,8,0,0.0165,0.25,0.125,0,0,0.0,0.0,1,1,0.0,1,0,0,0,1,1,1,1,0,0,0,0,1,0,0,0,1,,1,Title/Heading,0.9316307454466074
Change font size,"[0, 0, 100, 20]",11,16.02,3,0,0.007,0.0,0.3333333333333333,0,0,0.0,0.0,1,1,0.0,1,0,0,0,1,1,1,0,0,0,0,0,1,0,0,0,1,,1,Title/Heading,0.999999999977154
"1. Select Edit in the global bar. Then, from the Edit panel, select Text under Add","[0, 0, 100, 20]",6,12.0,16,0,0.0335,0.0,0.375,0,0,0.0,0.0,1,1,0.0,1,0,0,0,1,1,1,0,0,0,0,0,1,0,0,0,1,,0,Text/Paragraph,0.9481615430172253
Content .,"[0, 0, 100, 20]",6,12.0,2,0,0.004,0.0,1.0,0,0,0.0,0.0,1,1,0.0,1,0,0,0,1,1,1,1,0,0,0,0,1,0,0,0,1,,1,Title/Heading,0.9943087293506221
2. Select the text that you want to change.,"[0, 0, 100, 20]",5,12.0,9,0,0.0175,0.3333333333333333,0.1111111111111111,0,0,0.0,0.0,1,1,0.0,1,0,0,0,1,1,1,1,0,0,0,0,1,0,0,0,1,,1,Title/Heading,0.9560463295956126
"3. In the Format Text section on the Edit panel, from the Font size menu, select the font","[0, 0, 100, 20]",11,12.0,18,0,0.036,0.0555555555555555,0.2777777777777778,0,0,0.0,0.0,1,1,0.0,1,0,0,0,1,1,1,0,0,0,0,0,1,0,0,0,1,,1,Title/Heading,0.8161084584689859
size you want for the selected text.,"[0, 0, 100, 20]",11,12.0,7,0,0.015,0.2857142857142857,0.0,0,0,0.0,0.0,1,1,0.0,1,0,0,0,1,1,1,1,0,0,0,0,1,0,0,0,1,,1,Title/Heading,0.9662918905544619
Redo text in Acrobat,"[0, 0, 100, 20]",11,16.02,4,0,0.0085,0.0,0.5,0,0,0.0,0.0,1,1,0.0,1,0,0,0,1,1,1,0,0,0,0,0,1,0,0,0,1,,1,Title/Heading,0.9999999999545481
1. Open the PDF in which you want to redo the text.,"[0, 0, 100, 20]",11,12.0,12,0,0.02,0.25,0.1666666666666666,0,0,0.0,0.0,1,1,0.0,1,0,0,0,1,1,1,1,0,0,0,0,1,0,0,0,1,,1,Title/Heading,0.7792651294890759
"2. Windows Select the hamburger menu in the upper left. Then select Undo, Redo &","[0, 0, 100, 20]",11,12.0,15,0,0.033,0.0714285714285714,0.3571428571428571,0,0,0.0,0.0,1,1,0.0,1,0,0,0,1,1,1,0,0,0,0,0,1,0,0,0,1,,0,Text/Paragraph,0.8951368920952932
more   - Redo .,"[0, 0, 100, 20]",11,12.0,4,0,0.005,0.0,0.5,0,0,0.0,0.0,1,1,0.0,1,0,0,0,1,1,1,1,0,0,0,0,1,0,0,0,1,,1,Title/Heading,0.9707529210625587
"macOS Select Edit in the upper left. Then select Undo, Redo and More > Redo .","[0, 0, 100, 20]",11,12.0,16,0,0.031,0.0,0.5,0,0,0.0,0.0,1,1,0.0,1,0,0,0,1,1,1,1,0,0,0,0,1,0,0,0,1,,0,Text/Paragraph,0.993319371353694
Undo text in Acrobat,"[0, 0, 100, 20]",11,16.02,4,0,0.0085,0.0,0.5,0,0,0.0,0.0,1,1,0.0,1,0,0,0,1,1,1,0,0,0,0,0,1,0,0,0,1,,1,Title/Heading,0.9999999999545481
1. Open the PDF in which you want to redo the text.,"[0, 0, 100, 20]",11,12.0,12,0,0.02,0.25,0.1666666666666666,0,0,0.0,0.0,1,1,0.0,1,0,0,0,1,1,1,1,0,0,0,0,1,0,0,0,1,,1,Title/Heading,0.7792651294890759
"2. Windows Select the hamburger menu in the upper left. Then select Undo, Redo &","[0, 0, 100, 20]",11,12.0,15,0,0.033,0.0714285714285714,0.3571428571428571,0,0,0.0,0.0,1,1,0.0,1,0,0,0,1,1,1,0,0,0,0,0,1,0,0,0,1,,0,Text/Paragraph,0.8951368920952932
more   - Undo .,"[0, 0, 100, 20]",11,12.0,4,0,0.005,0.0,0.5,0,0,0.0,0.0,1,1,0.0,1,0,0,0,1,1,1,1,0,0,0,0,1,0,0,0,1,,1,Title/Heading,0.9707529210625587
"macOS Select Edit in the upper left. Then select Undo, Redo and More > Undo .","[0, 0, 100, 20]",11,12.0,16,0,0.031,0.0,0.5,0,0,0.0,0.0,1,1,0.0,1,0,0,0,1,1,1,1,0,0,0,0,1,0,0,0,1,,0,Text/Paragraph,0.993319371353694
Change paragraph spacing,"[0, 0, 100, 20]",11,16.02,3,0,0.011,0.0,0.3333333333333333,0,0,0.0,0.0,1,1,0.0,1,0,0,0,1,1,1,0,0,0,0,0,1,0,0,0,1,,1,Title/Heading,0.999999999973123
You can change paragraph spacing in Acrobat using format text options:,"[0, 0, 100, 20]",12,12.0,11,0,0.03,0.2727272727272727,0.1818181818181818,1,0,0.0,0.0,1,1,0.0,1,0,0,0,1,1,1,1,0,0,0,0,1,0,0,0,1,,1,Title/Heading,0.5294673723090982
1. Select Edit from the global bar in the upper left.,"[0, 0, 100, 20]",12,12.0,11,0,0.0215,0.0,0.1818181818181818,0,0,0.0,0.0,1,1,0.0,1,0,0,0,1,1,1,1,0,0,0,0,1,0,0,0,1,,0,Text/Paragraph,0.7290049241044327
2. Select the text for which you want to modify the paragraph spacing.,"[0, 0, 100, 20]",12,12.0,13,0,0.029,0.2307692307692307,0.0769230769230769,0,0,0.0,0.0,1,1,0.0,1,0,0,0,1,1,1,1,0,0,0,0,1,0,0,0,1,,1,Title/Heading,0.5821253556465181
"3. From the FORMAT TEXT panel, select Paragraph spacing after drop-down menu and","[0, 0, 100, 20]",12,12.0,13,0,0.034,0.0,0.2857142857142857,0,0,0.0,0.0,1,1,0.0,1,0,0,0,1,1,1,0,0,0,0,0,1,0,0,0,1,,1,Title/Heading,0.8393000133662112
then select the value to adjust spacing as needed.,"[0, 0, 100, 20]",12,12.0,9,0,0.021,0.4444444444444444,0.0,0,0,0.0,0.0,1,1,0.0,1,0,0,0,1,1,1,1,0,0,0,0,1,0,0,0,1,,1,Title/Heading,0.882589962255485
Edit images or objects in a PDF,"[0, 0, 100, 20]",13,24.0,7,0,0.0125,0.0,0.2857142857142857,0,0,0.0,0.0,1,1,0.0,1,0,0,0,1,1,1,0,0,0,0,0,1,0,0,0,1,,1,Title/Heading,1.0
About editing text and images,"[0, 0, 100, 20]",13,16.02,5,0,0.0125,0.2,0.2,0,0,0.0,0.0,1,1,0.0,1,0,0,0,1,1,1,0,0,0,0,0,1,0,0,0,1,,1,Title/Heading,0.9999999999721616
Adobe Acrobat provides powerful tools and capabilities for editing PDF images and text.,"[0, 0, 100, 20]",13,12.0,13,0,0.0375,0.1538461538461538,0.2307692307692307,0,0,0.0,0.0,1,1,0.0,1,0,0,0,1,1,1,1,0,0,0,0,1,0,0,0,1,,0,Text/Paragraph,0.8997853678441258
You might encounter formatting challenges that require manual adjustments. Acrobat's,"[0, 0, 100, 20]",13,12.0,10,0,0.0375,0.2727272727272727,0.1818181818181818,0,0,0.0,0.0,1,1,0.0,1,0,0,0,1,1,1,0,0,0,0,0,1,0,0,0,1,,0,Text/Paragraph,0.6360524629557618
"image-editing capabilities are limited, and using high-resolution images can lead to","[0, 0, 100, 20]",13,12.0,11,0,0.037,0.3636363636363636,0.0,0,0,0.0,0.0,1,1,0.0,1,0,0,0,1,1,1,0,0,0,0,0,1,0,0,0,1,,0,Text/Paragraph,0.7885066472443903
"performance issues due to larger file sizes. To address this, improve images using other tools","[0, 0, 100, 20]",13,12.0,15,0,0.04,0.2,0.0666666666666666,0,0,0.0,0.0,1,1,0.0,1,0,0,0,1,1,1,0,0,0,0,0,1,0,0,0,1,,0,Text/Paragraph,0.9960342544760585
before adding them to PDF documents.,"[0, 0, 100, 20]",13,12.0,6,0,0.0155,0.1666666666666666,0.1666666666666666,0,0,0.0,0.0,1,1,0.0,1,0,0,0,1,1,1,1,0,0,0,0,1,0,0,0,1,,1,Title/Heading,0.9688604336040746
"If the original font isn't available, font substitutions may occur, altering the text's appearance.","[0, 0, 100, 20]",13,12.0,14,0,0.043,0.1875,0.0625,0,0,0.0,0.0,1,1,0.0,1,0,0,0,1,1,1,1,0,0,0,0,1,0,0,0,1,,0,Text/Paragraph,0.9930344609033941
"To maintain consistency across devices, we suggest you use the available fonts or embed","[0, 0, 100, 20]",13,12.0,14,0,0.037,0.2857142857142857,0.0714285714285714,0,0,0.0,0.0,1,1,0.0,1,0,0,0,1,1,1,0,0,0,0,0,1,0,0,0,1,,0,Text/Paragraph,0.9476359460023255
them within the PDF.,"[0, 0, 100, 20]",13,12.0,4,0,0.0085,0.0,0.25,0,0,0.0,0.0,1,1,0.0,1,0,0,0,1,1,1,1,0,0,0,0,1,0,0,0,1,,1,Title/Heading,0.967727465734183
"You can also enhance document accessibility using Acrobat's features, such as adding","[0, 0, 100, 20]",13,12.0,12,0,0.0365,0.2307692307692307,0.1538461538461538,0,0,0.0,0.0,1,1,0.0,1,0,0,0,1,1,1,0,0,0,0,0,1,0,0,0,1,,0,Text/Paragraph,0.8444389351665802
alternative text for images and proper content tagging.,"[0, 0, 100, 20]",13,12.0,8,0,0.024,0.0,0.0,0,0,0.0,0.0,1,1,0.0,1,0,0,0,1,1,1,1,0,0,0,0,1,0,0,0,1,,0,Text/Paragraph,0.5910111827780474
"Refer to the following topics to learn how to add, resize, move, or replace images and objects","[0, 0, 100, 20]",13,12.0,17,0,0.039,0.3529411764705882,0.0588235294117647,0,0,0.0,0.0,1,1,0.0,1,0,0,0,1,1,1,0,0,0,0,0,1,0,0,0,1,,0,Text/Paragraph,0.9893319997777952
in a PDF using Acrobat.,"[0, 0, 100, 20]",13,12.0,5,0,0.0095,0.2,0.4,0,0,0.0,0.0,1,1,0.0,1,0,0,0,1,1,1,1,0,0,0,0,1,0,0,0,1,,1,Title/Heading,0.9877740888861518
Add images in a PDF,"[0, 0, 100, 20]",13,16.02,5,0,0.0075,0.0,0.4,0,0,0.0,0.0,1,1,0.0,1,0,0,0,1,1,1,0,0,0,0,0,1,0,0,0,1,,1,Title/Heading,0.9999999999323586
1. Open the PDF in Acrobat. Select Edit a PDF from the All tools menu and then,"[0, 0, 100, 20]",13,12.0,17,0,0.031,0.0588235294117647,0.4117647058823529,0,0,0.0,0.0,1,1,0.0,1,0,0,0,1,1,1,0,0,0,0,0,1,0,0,0,1,,0,Text/Paragraph,0.6817797603717779
select Image .,"[0, 0, 100, 20]",13,12.0,3,0,0.006,0.0,0.5,0,0,0.0,0.0,1,1,0.0,1,0,0,0,1,1,1,1,0,0,0,0,1,0,0,0,1,,1,Title/Heading,0.9395029278197274
"2. From the drop-down menu, select Choose image to select an image from your device","[0, 0, 100, 20]",13,12.0,15,0,0.0345,0.1333333333333333,0.125,0,0,0.0,0.0,1,1,0.0,1,0,0,0,1,1,1,0,0,0,0,0,1,0,0,0,1,,0,Text/Paragraph,0.818947887210643
or Select Generate image to generate an image from text.,"[0, 0, 100, 20]",13,12.0,10,0,0.0235,0.1,0.2,0,0,0.0,0.0,1,1,0.0,1,0,0,0,1,1,1,1,0,0,0,0,1,0,0,0,1,,1,Title/Heading,0.7503914467475785
Note:,"[0, 0, 100, 20]",13,12.0,1,0,0.0025,0.0,1.0,1,0,0.0,0.0,1,1,0.0,1,0,0,0,1,1,1,1,0,0,0,0,1,0,0,0,1,,1,Title/Heading,0.9993662826714359
"To learn how to generate images from text, go to Generate unique AI images from text.https://helpx.adobe.com/acrobat/using/generate-image-from-text.html","[0, 0, 100, 20]",13,12.0,16,0,0.0685,0.2352941176470588,0.1111111111111111,0,0,0.0,0.0,1,1,0.0,1,0,0,0,1,1,1,0,0,0,0,0,1,0,0,0,1,,0,Text/Paragraph,0.9958871306587188
"3. In the dialog, select the image file you want to insert.","[0, 0, 100, 20]",14,12.0,12,0,0.024,0.25,0.0833333333333333,0,0,0.0,0.0,1,1,0.0,1,0,0,0,1,1,1,1,0,0,0,0,1,0,0,0,1,,1,Title/Heading,0.9986828318346141
4. Select where you want to insert the image or select drag to resize it as you insert.,"[0, 0, 100, 20]",14,12.0,18,0,0.035,0.2777777777777778,0.0555555555555555,0,0,0.0,0.0,1,1,0.0,1,0,0,0,1,1,1,1,0,0,0,0,1,0,0,0,1,,0,Text/Paragraph,0.6695660241102115
"A copy of the image file appears on the page, with the same resolution as the original","[0, 0, 100, 20]",14,12.0,17,0,0.035,0.0588235294117647,0.0588235294117647,0,0,0.0,0.0,1,1,0.0,1,0,0,0,1,1,1,0,0,0,0,0,1,0,0,0,1,,0,Text/Paragraph,0.6763854626313177
file.,"[0, 0, 100, 20]",14,12.0,1,0,0.0025,0.0,0.0,0,0,0.0,0.0,1,1,0.0,1,0,0,0,1,1,1,1,0,0,0,0,1,0,0,0,1,,1,Title/Heading,0.9997523175237605
"5. Once the image is added, you can take any of the following actions:","[0, 0, 100, 20]",14,12.0,14,0,0.0285,0.2142857142857142,0.0714285714285714,1,0,0.0,0.0,1,1,0.0,1,0,0,0,1,1,1,1,0,0,0,0,1,0,0,0,1,,1,Title/Heading,0.9451655446264513
"To move the image, hover over the image, press and hold the move icon, and","[0, 0, 100, 20]",14,12.0,15,0,0.03,0.1333333333333333,0.0666666666666666,0,0,0.0,0.0,1,1,0.0,1,0,0,0,1,1,1,0,0,0,0,0,1,0,0,0,1,,1,Title/Heading,0.8267182988789117
then drag the image to the desired location.,"[0, 0, 100, 20]",14,12.0,8,0,0.0185,0.25,0.0,0,0,0.0,0.0,1,1,0.0,1,0,0,0,1,1,1,1,0,0,0,0,1,0,0,0,1,,1,Title/Heading,0.9950754263137074
"To resize the image, select the image, hold the resize corner handles, and then","[0, 0, 100, 20]",14,12.0,14,0,0.033,0.2142857142857142,0.0714285714285714,0,0,0.0,0.0,1,1,0.0,1,0,0,0,1,1,1,0,0,0,0,0,1,0,0,0,1,,1,Title/Heading,0.7845556430476903
drag the handles in or out to reduce or enlarge the image size.,"[0, 0, 100, 20]",14,12.0,13,0,0.0255,0.2307692307692307,0.0,0,0,0.0,0.0,1,1,0.0,1,0,0,0,1,1,1,1,0,0,0,0,1,0,0,0,1,,1,Title/Heading,0.9081095072480253
Modify images in a PDF,"[0, 0, 100, 20]",14,16.02,5,0,0.009,0.0,0.4,0,0,0.0,0.0,1,1,0.0,1,0,0,0,1,1,1,0,0,0,0,0,1,0,0,0,1,,1,Title/Heading,0.9999999999982374
"To modify images in a PDF, select Edit from the global bar. Select the image you want to","[0, 0, 100, 20]",14,12.0,18,0,0.0355,0.1666666666666666,0.2222222222222222,0,0,0.0,0.0,1,1,0.0,1,0,0,0,1,1,1,0,0,0,0,0,1,0,0,0,1,,0,Text/Paragraph,0.9118740768151242
"modify, then from the Edit panel, under Adjust Objects, select one of the following tools:","[0, 0, 100, 20]",14,12.0,15,0,0.038,0.0666666666666666,0.2,1,0,0.0,0.0,1,1,0.0,1,0,0,0,1,1,1,1,0,0,0,0,1,0,0,0,1,,0,Text/Paragraph,0.7853893908721956
"Flip Vertical: Flips the image vertically, on the horizontal axis.","[0, 0, 100, 20]",14,10.98,10,0,0.0285,0.0,0.3,0,0,0.0,0.0,1,1,0.0,1,0,0,0,1,1,1,1,0,0,0,0,1,0,0,0,1,,0,Text/Paragraph,0.9317086657739779
"Flip Horizontal: Flips the image horizontally, on the vertical axis.","[0, 0, 100, 20]",14,10.98,10,0,0.0295,0.0,0.3,0,0,0.0,0.0,1,1,0.0,1,0,0,0,1,1,1,1,0,0,0,0,1,0,0,0,1,,0,Text/Paragraph,0.9342485392731036
Rotate left: Rotates the selected image 90° in the counterclockwise direction.,"[0, 0, 100, 20]",14,10.98,11,0,0.034,0.2727272727272727,0.1818181818181818,0,0,0.0,0.0,1,1,0.0,1,0,0,0,1,1,1,1,0,0,0,0,1,0,0,0,1,,0,Text/Paragraph,0.9956533645866451
Rotate right: Rotates the selected image 90° in the clockwise direction.,"[0, 0, 100, 20]",14,10.98,11,0,0.031,0.1818181818181818,0.1818181818181818,0,0,0.0,0.0,1,1,0.0,1,0,0,0,1,1,1,1,0,0,0,0,1,0,0,0,1,,0,Text/Paragraph,0.9945297340289723
Crop image: Crops or clips the selected image. Drag a selection handle to crop the image.https://www.adobe.com/acrobat/online/crop-pdf.html,"[0, 0, 100, 20]",14,10.98,16,0,0.062,0.1176470588235294,0.12,0,0,0.0,0.0,1,1,0.0,1,0,0,0,1,1,1,0,0,0,0,0,1,0,0,0,1,,0,Text/Paragraph,0.9994526247350729
"Replace image: From the drop-down menu, select Choose image to select an image","[0, 0, 100, 20]",14,10.98,13,0,0.033,0.1538461538461538,0.2142857142857142,0,0,0.0,0.0,1,1,0.0,1,0,0,0,1,1,1,0,0,0,0,0,1,0,0,0,1,,0,Text/Paragraph,0.9880686422837932
from your device or Select Generate image to an image from text.,"[0, 0, 100, 20]",14,10.98,12,0,0.0265,0.0,0.1666666666666666,0,0,0.0,0.0,1,1,0.0,1,0,0,0,1,1,1,1,0,0,0,0,1,0,0,0,1,,0,Text/Paragraph,0.8862076420492269
"Align objects: To align multiple objects on a side - left, vertical center, right, top,","[0, 0, 100, 20]",14,10.98,15,0,0.0365,0.0714285714285714,0.1428571428571428,0,0,0.0,0.0,1,1,0.0,1,0,0,0,1,1,1,1,0,0,0,0,1,0,0,0,1,,0,Text/Paragraph,0.9998563669107429
"horizontal, center, and bottom.","[0, 0, 100, 20]",14,10.98,4,0,0.014,0.0,0.0,0,0,0.0,0.0,1,1,0.0,1,0,0,0,1,1,1,1,0,0,0,0,1,0,0,0,1,,1,Title/Heading,0.7339318726646517
"When you align objects relative to each other by their edges, one of the objects remains","[0, 0, 100, 20]",14,10.98,16,0,0.0365,0.125,0.0625,0,0,0.0,0.0,1,1,0.0,1,0,0,0,1,1,1,0,0,0,0,0,1,0,0,0,1,,0,Text/Paragraph,0.9998787026060116
"stationary. For example, the left option aligns the left edges of the selected objects with the","[0, 0, 100, 20]",14,10.98,16,0,0.04,0.0625,0.0625,0,0,0.0,0.0,1,1,0.0,1,0,0,0,1,1,1,0,0,0,0,0,1,0,0,0,1,,0,Text/Paragraph,0.9975827241664166
leftmost object.,"[0, 0, 100, 20]",14,10.98,2,0,0.0075,0.0,0.0,0,0,0.0,0.0,1,1,0.0,1,0,0,0,1,1,1,1,0,0,0,0,1,0,0,0,1,,1,Title/Heading,0.9123819464449652
Arrange objects: To move an image or object in front of or behind other elements. You,"[0, 0, 100, 20]",14,10.98,16,0,0.035,0.125,0.1875,0,0,0.0,0.0,1,1,0.0,1,0,0,0,1,1,1,0,0,0,0,0,1,0,0,0,1,,0,Text/Paragraph,0.9980564405742038
"can push an item forward or back on just one level. Alternatively, you can send it to the front","[0, 0, 100, 20]",14,10.98,19,0,0.0385,0.1052631578947368,0.0526315789473684,0,0,0.0,0.0,1,1,0.0,1,0,0,0,1,1,1,0,0,0,0,0,1,0,0,0,1,,0,Text/Paragraph,0.9996342016749057
or back of the stacking order of elements on the page.,"[0, 0, 100, 20]",14,10.98,11,0,0.022,0.0909090909090909,0.0,0,0,0.0,0.0,1,1,0.0,1,0,0,0,1,1,1,1,0,0,0,0,1,0,0,0,1,,0,Text/Paragraph,0.8358045513839171
Note:,"[0, 0, 100, 20]",13,12.0,1,0,0.0025,0.0,1.0,1,0,0.0,0.0,1,1,0.0,1,0,0,0,1,1,1,1,0,0,0,0,1,0,0,0,1,,1,Title/Heading,0.9993662826714359
Place the pointer just outside a selection handle to rotate the selected image manually. When the,"[0, 0, 100, 20]",14,10.98,16,0,0.041,0.125,0.125,0,0,0.0,0.0,1,1,0.0,1,0,0,0,1,1,1,0,0,0,0,0,1,0,0,0,1,,0,Text/Paragraph,0.9890739387297287
"cursor changes to the rotation pointer, drag in the direction you want it to turn.","[0, 0, 100, 20]",14,10.98,15,0,0.034,0.1333333333333333,0.0,0,0,0.0,0.0,1,1,0.0,1,0,0,0,1,1,1,1,0,0,0,0,1,0,0,0,1,,0,Text/Paragraph,0.9833077233630343
Delete images from a PDF,"[0, 0, 100, 20]",15,16.02,5,0,0.01,0.0,0.4,0,0,0.0,0.0,1,1,0.0,1,0,0,0,1,1,1,0,0,0,0,0,1,0,0,0,1,,1,Title/Heading,0.9999999999251279
1. Open the PDF document in Adobe Acrobat. Select Edit from the global bar.,"[0, 0, 100, 20]",15,12.0,14,0,0.031,0.0714285714285714,0.4285714285714285,0,0,0.0,0.0,1,1,0.0,1,0,0,0,1,1,1,1,0,0,0,0,1,0,0,0,1,,0,Text/Paragraph,0.7043995679915769
"2. Select the image you want to delete, and a contextual menu opens. Select","[0, 0, 100, 20]",15,12.0,14,0,0.031,0.2142857142857142,0.1428571428571428,0,0,0.0,0.0,1,1,0.0,1,0,0,0,1,1,1,0,0,0,0,0,1,0,0,0,1,,0,Text/Paragraph,0.8443920761152
Delete from the contextual menu.,"[0, 0, 100, 20]",15,12.0,5,0,0.014,0.0,0.2,0,0,0.0,0.0,1,1,0.0,1,0,0,0,1,1,1,1,0,0,0,0,1,0,0,0,1,,1,Title/Heading,0.8755690938908373
"Alternatively, you can also select the image and press Delete .","[0, 0, 100, 20]",15,10.98,11,0,0.0265,0.1,0.2,0,0,0.0,0.0,1,1,0.0,1,0,0,0,1,1,1,1,0,0,0,0,1,0,0,0,1,,0,Text/Paragraph,0.9858122361861681
Add Objects to PDF,"[0, 0, 100, 20]",15,16.02,4,0,0.0075,0.5,0.75,0,0,0.0,0.0,1,1,0.0,1,0,0,0,1,1,1,0,0,0,0,0,1,0,0,0,1,,1,Title/Heading,0.9999999999983611
"1. Open a PDF, and then from the All tools menu, select Edit a PDF .","[0, 0, 100, 20]",15,12.0,16,0,0.0265,0.1333333333333333,0.3333333333333333,0,0,0.0,0.0,1,1,0.0,1,0,0,0,1,1,1,1,0,0,0,0,1,0,0,0,1,,0,Text/Paragraph,0.6407281578630364
".From the left panel, select More from under Add Content to expand the menu and","[0, 0, 100, 20]",15,12.0,15,0,0.0325,0.1333333333333333,0.2666666666666666,0,0,0.0,0.0,1,1,0.0,1,0,0,0,1,1,1,0,0,0,0,0,1,0,0,0,1,,0,Text/Paragraph,0.9645692719423409
select a desired tool.,"[0, 0, 100, 20]",15,12.0,4,0,0.0095,0.25,0.0,0,0,0.0,0.0,1,1,0.0,1,0,0,0,1,1,1,1,0,0,0,0,1,0,0,0,1,,1,Title/Heading,0.9839948888705244
2. To add a button:,"[0, 0, 100, 20]",15,12.0,5,0,0.0075,0.2,0.2,1,0,0.0,0.0,1,1,0.0,1,0,0,0,1,1,1,1,0,0,0,0,1,0,0,0,1,,1,Title/Heading,0.9983062718455771
"1. From the left menu, select Button .","[0, 0, 100, 20]",15,12.0,8,0,0.0155,0.0,0.2857142857142857,0,0,0.0,0.0,1,1,0.0,1,0,0,0,1,1,1,1,0,0,0,0,1,0,0,0,1,,1,Title/Heading,0.8865713635786237
"2. Once the button coordinates appear, move the mouse to a desired location","[0, 0, 100, 20]",15,12.0,13,0,0.0315,0.3076923076923077,0.0769230769230769,0,0,0.0,0.0,1,1,0.0,1,0,0,0,1,1,1,0,0,0,0,0,1,0,0,0,1,,0,Text/Paragraph,0.5424606860428132
and place the button.,"[0, 0, 100, 20]",15,12.0,4,0,0.009,0.0,0.0,0,0,0.0,0.0,1,1,0.0,1,0,0,0,1,1,1,1,0,0,0,0,1,0,0,0,1,,1,Title/Heading,0.9726138931439843
"3. In the dialog that appears, provide a name to the button.","[0, 0, 100, 20]",15,12.0,12,0,0.0245,0.1666666666666666,0.0833333333333333,0,0,0.0,0.0,1,1,0.0,1,0,0,0,1,1,1,1,0,0,0,0,1,0,0,0,1,,1,Title/Heading,0.9844864724671032
"4. To change the properties of the button, double-click the button and then select","[0, 0, 100, 20]",15,12.0,14,0,0.0345,0.1428571428571428,0.0666666666666666,0,0,0.0,0.0,1,1,0.0,1,0,0,0,1,1,1,0,0,0,0,0,1,0,0,0,1,,0,Text/Paragraph,0.7091851709174541
"in the dialog that appears, set the properties as desired.","[0, 0, 100, 20]",15,12.0,10,0,0.0245,0.3,0.0,0,0,0.0,0.0,1,1,0.0,1,0,0,0,1,1,1,1,0,0,0,0,1,0,0,0,1,,1,Title/Heading,0.7568199885739482
3. To add a video:,"[0, 0, 100, 20]",15,12.0,5,0,0.007,0.2,0.2,1,0,0.0,0.0,1,1,0.0,1,0,0,0,1,1,1,1,0,0,0,0,1,0,0,0,1,,1,Title/Heading,0.9999066198533847
"1. From the left menu, select Video .","[0, 0, 100, 20]",16,12.0,8,0,0.015,0.0,0.2857142857142857,0,0,0.0,0.0,1,1,0.0,1,0,0,0,1,1,1,1,0,0,0,0,1,0,0,0,1,,1,Title/Heading,0.8885979742293995
2. Drag your cursor on the document where you want to add the video.,"[0, 0, 100, 20]",16,12.0,14,0,0.0275,0.1428571428571428,0.0714285714285714,0,0,0.0,0.0,1,1,0.0,1,0,0,0,1,1,1,1,0,0,0,0,1,0,0,0,1,,0,Text/Paragraph,0.5015466628043386
"3. In the Insert Video dialog that appears, browse and select the video file that you","[0, 0, 100, 20]",16,12.0,16,0,0.035,0.125,0.1875,0,0,0.0,0.0,1,1,0.0,1,0,0,0,1,1,1,0,0,0,0,0,1,0,0,0,1,,1,Title/Heading,0.8760423597432562
want to add.,"[0, 0, 100, 20]",16,12.0,3,0,0.005,0.3333333333333333,0.0,0,0,0.0,0.0,1,1,0.0,1,0,0,0,1,1,1,1,0,0,0,0,1,0,0,0,1,,1,Title/Heading,0.9988418916109354
4. Select OK .,"[0, 0, 100, 20]",16,12.0,4,0,0.0055,0.0,0.6666666666666666,0,0,0.0,0.0,1,1,0.0,1,0,0,0,1,1,1,1,0,0,0,0,1,0,0,0,1,,1,Title/Heading,0.9680602217670875
4. To add sound to the PDF:,"[0, 0, 100, 20]",16,12.0,7,0,0.0105,0.1428571428571428,0.2857142857142857,1,0,0.0,0.0,1,1,0.0,1,0,0,0,1,1,1,1,0,0,0,0,1,0,0,0,1,,1,Title/Heading,0.9938801624600786
"1. From the left menu, select Sound .","[0, 0, 100, 20]",16,12.0,8,0,0.015,0.0,0.2857142857142857,0,0,0.0,0.0,1,1,0.0,1,0,0,0,1,1,1,1,0,0,0,0,1,0,0,0,1,,1,Title/Heading,0.8885979742293995
2. Drag the cursor over the text or image that you want to add sound to.,"[0, 0, 100, 20]",16,12.0,16,0,0.0285,0.125,0.0625,0,0,0.0,0.0,1,1,0.0,1,0,0,0,1,1,1,1,0,0,0,0,1,0,0,0,1,,0,Text/Paragraph,0.7144519736569908
"3. In the Insert Sound dialog that appears, browse and select the audio file that","[0, 0, 100, 20]",16,12.0,15,0,0.0335,0.2,0.2,0,0,0.0,0.0,1,1,0.0,1,0,0,0,1,1,1,0,0,0,0,0,1,0,0,0,1,,1,Title/Heading,0.8754676718358313
you want to add.,"[0, 0, 100, 20]",16,12.0,4,0,0.0065,0.5,0.0,0,0,0.0,0.0,1,1,0.0,1,0,0,0,1,1,1,1,0,0,0,0,1,0,0,0,1,,1,Title/Heading,0.999045573031344
4. Select OK.,"[0, 0, 100, 20]",16,12.0,3,0,0.0055,0.0,0.6666666666666666,0,0,0.0,0.0,1,1,0.0,1,0,0,0,1,1,1,1,0,0,0,0,1,0,0,0,1,,1,Title/Heading,0.9764270537269327
5. To add 3D Media to the video:,"[0, 0, 100, 20]",16,12.0,8,0,0.0125,0.125,0.25,1,0,0.0,0.0,1,1,0.0,1,0,0,0,1,1,1,1,0,0,0,0,1,0,0,0,1,,1,Title/Heading,0.8424946121659089
"1. From the left menu, select 3D Media .","[0, 0, 100, 20]",16,12.0,9,0,0.016,0.125,0.25,0,0,0.0,0.0,1,1,0.0,1,0,0,0,1,1,1,1,0,0,0,0,1,0,0,0,1,,1,Title/Heading,0.5087971294404844
"2. Once the button coordinates appear, move the mouse to a desired location","[0, 0, 100, 20]",15,12.0,13,0,0.0315,0.3076923076923077,0.0769230769230769,0,0,0.0,0.0,1,1,0.0,1,0,0,0,1,1,1,0,0,0,0,0,1,0,0,0,1,,0,Text/Paragraph,0.5424606860428132
and place the button.,"[0, 0, 100, 20]",15,12.0,4,0,0.009,0.0,0.0,0,0,0.0,0.0,1,1,0.0,1,0,0,0,1,1,1,1,0,0,0,0,1,0,0,0,1,,1,Title/Heading,0.9726138931439843
"3. In the dialog that appears, browse and select the file.","[0, 0, 100, 20]",16,12.0,11,0,0.024,0.1818181818181818,0.0909090909090909,0,0,0.0,0.0,1,1,0.0,1,0,0,0,1,1,1,1,0,0,0,0,1,0,0,0,1,,1,Title/Heading,0.9896867916706328
4. Select Ok .,"[0, 0, 100, 20]",16,12.0,4,0,0.0055,0.0,0.6666666666666666,0,0,0.0,0.0,1,1,0.0,1,0,0,0,1,1,1,1,0,0,0,0,1,0,0,0,1,,1,Title/Heading,0.9853565260840415
Edit an image outside Acrobat,"[0, 0, 100, 20]",16,16.02,5,0,0.0125,0.0,0.4,0,0,0.0,0.0,1,1,0.0,1,0,0,0,1,1,1,0,0,0,0,0,1,0,0,0,1,,1,Title/Heading,0.9999999997579285
"You can edit an image or graphic using another application, such as Photoshop, Illustrator, or","[0, 0, 100, 20]",16,12.0,15,0,0.04,0.1333333333333333,0.2,0,0,0.0,0.0,1,1,0.0,1,0,0,0,1,1,1,0,0,0,0,0,1,0,0,0,1,,0,Text/Paragraph,0.9736293003300127
"Microsoft® Paint. When you save the image or graphic, Acrobat automatically updates the PDF","[0, 0, 100, 20]",16,12.0,14,0,0.039,0.1428571428571428,0.3571428571428571,0,0,0.0,0.0,1,1,0.0,1,0,0,0,1,1,1,0,0,0,0,0,1,0,0,0,1,,0,Text/Paragraph,0.911332893880048
with the changes. The applications that appear in the Edit using menu depend upon what,"[0, 0, 100, 20]",16,12.0,15,0,0.036,0.1333333333333333,0.1333333333333333,0,0,0.0,0.0,1,1,0.0,1,0,0,0,1,1,1,0,0,0,0,0,1,0,0,0,1,,0,Text/Paragraph,0.9148533929158096
"you've installed and the type of image or graphic you've selected. Optionally, you can specify","[0, 0, 100, 20]",16,12.0,15,0,0.04,0.3529411764705882,0.0588235294117647,0,0,0.0,0.0,1,1,0.0,1,0,0,0,1,1,1,0,0,0,0,0,1,0,0,0,1,,0,Text/Paragraph,0.9637891175471311
the application you want to use.,"[0, 0, 100, 20]",16,12.0,6,0,0.0135,0.3333333333333333,0.0,0,0,0.0,0.0,1,1,0.0,1,0,0,0,1,1,1,1,0,0,0,0,1,0,0,0,1,,1,Title/Heading,0.9858405070084203
"1. Open the PDF in Acrobat, choose Edit, and then select the image or object.","[0, 0, 100, 20]",16,12.0,15,0,0.0315,0.1333333333333333,0.2666666666666666,0,0,0.0,0.0,1,1,0.0,1,0,0,0,1,1,1,1,0,0,0,0,1,0,0,0,1,,0,Text/Paragraph,0.8001713396816524
Note: Select multiple items if you want to edit them together in the same file. To edit all the,"[0, 0, 100, 20]",16,12.0,19,0,0.0385,0.1578947368421052,0.1578947368421052,0,0,0.0,0.0,1,1,0.0,1,0,0,0,1,1,1,0,0,0,0,0,1,0,0,0,1,,0,Text/Paragraph,0.9980500916155332
"images and objects on the page, choose Select All from the context menu.","[0, 0, 100, 20]",16,12.0,13,0,0.03,0.0769230769230769,0.1538461538461538,0,0,0.0,0.0,1,1,0.0,1,0,0,0,1,1,1,1,0,0,0,0,1,0,0,0,1,,0,Text/Paragraph,0.6030222275694533
"2. Under Adjust Objects in the Edit panel, select Edit using, and then choose an editor.","[0, 0, 100, 20]",16,10.98,16,0,0.0365,0.125,0.3125,0,0,0.0,0.0,1,1,0.0,1,0,0,0,1,1,1,1,0,0,0,0,1,0,0,0,1,,0,Text/Paragraph,0.9992079183212178
"To choose a different editor than offered on the menu, select Open with, find the app, and the app","[0, 0, 100, 20]",16,10.98,19,0,0.04,0.1578947368421052,0.1052631578947368,0,0,0.0,0.0,1,1,0.0,1,0,0,0,1,1,1,0,0,0,0,0,1,0,0,0,1,,0,Text/Paragraph,0.9999769188694957
and select Open .,"[0, 0, 100, 20]",16,10.98,4,0,0.007,0.0,0.3333333333333333,0,0,0.0,0.0,1,1,0.0,1,0,0,0,1,1,1,1,0,0,0,0,1,0,0,0,1,,0,Text/Paragraph,0.9366494506032506
"Note: If a message asks whether to convert to ICC profiles, choose Don’t Convert . If the image","[0, 0, 100, 20]",16,10.98,18,0,0.039,0.1578947368421052,0.3333333333333333,0,0,0.0,0.0,1,1,0.0,1,0,0,0,1,1,1,0,0,0,0,0,1,0,0,0,1,,0,Text/Paragraph,0.9998644842162224
"window displays a checkerboard pattern when it opens, the image data couldn't be read.","[0, 0, 100, 20]",16,10.98,14,0,0.0365,0.2666666666666666,0.0,0,0,0.0,0.0,1,1,0.0,1,0,0,0,1,1,1,1,0,0,0,0,1,0,0,0,1,,0,Text/Paragraph,0.9992404278904793
