text,bbox,page_number,avg_font_size,word_count,is_all_caps,char_density,ratio_of_verbs,ratio_capitalized,ends_with_colon,is_bold,normalized_vertical_gap,indentation_change,same_alignment,is_centered_A,font_size_diff,same_font,is_bold_A,is_italic_A,is_monospace_A,same_bold,same_italic,same_monospace,line_a_ends_punctuation,line_b_starts_lowercase,is_linea_in_rectangle,is_lineb_in_rectangle,both_in_table,neither_in_table,is_linea_hashed,is_lineb_hashed,both_hashed,neither_hashed,title_label,model_labels,confidence_score,predicted_category,,,accuracy,possible
Ontario’s Libraries Working Together,"[0, 0, 100, 20]",1,15.96,4,0,0.0165,0,0.8,0,0,0,0,1,1,0,1,0,0,0,1,1,1,0,0,0,0,0,1,0,0,0,1,0,1,0.999984577,Title/Heading,,,FALSE,TRUE
RFP: Request for Proposal To Present a Proposal for Developing the Business Plan for the Ontario Digital Library,"[0, 0, 100, 20]",1,28.02,18,0,0.0475,0.111111111,0.666666667,0,0,-20,0,1,0,8.04,0,0,0,0,1,1,1,0,0,0,0,0,1,0,0,0,1,1,1,1,Title/Heading,,,TRUE,TRUE
"March 21, 2003","[0, 0, 100, 20]",1,20.04,3,0,0.006,0,0.333333333,0,0,0,0,1,1,0,1,0,0,0,1,1,1,0,0,0,0,0,1,0,0,0,1,0,1,1,Title/Heading,,,FALSE,TRUE
"The Ontario Digital Library will make Ontario a better place to study, work and live by ensuring that all Ontario citizens have access to the knowledge and learning supports needed to be life-long learners and effective contributors towards Ontario’s prosperity.","[0, 0, 100, 20]",1,9.96,40,0,0.1115,0.142857143,0.166666667,0,0,-20,0,1,0,0,1,0,0,0,1,1,1,0,1,0,0,0,1,0,0,0,1,0,0,1,Text/Paragraph,,,TRUE,FALSE
Ontario’s Digital Library,"[0, 0, 100, 20]",2,20.04,3,0,0.0115,0.2,0.75,0,0,0,0,1,1,0,1,0,0,0,1,1,1,0,0,0,0,0,1,0,0,0,1,1,1,1,Title/Heading,,,TRUE,TRUE
A Critical Component for Implementing Ontario’s Road Map to Prosperity Strategy,"[0, 0, 100, 20]",2,15.96,11,0,0.0345,0.076923077,0.75,0,0,0,0,1,1,0,1,0,0,0,1,1,1,0,0,0,0,0,1,0,0,0,1,1,1,1,Title/Heading,,,TRUE,TRUE
Summary,"[0, 0, 100, 20]",2,12,1,0,0.0035,0,1,0,0,0,0,1,1,0,1,0,0,0,1,1,1,0,0,0,0,0,1,0,0,0,1,1,1,0.999063414,Title/Heading,,,TRUE,TRUE
"The purpose of this Request for Proposal  RFP  is to invite firms and/or consultants to present a proposal for developing the business plan for the Ontario Digital Library ODL. The ODL will deliver high-quality library electronic content to all Ontario residents in order to assist people as they learn, work, and enhance their quality of life. The business plan to be developed is to document and clearly communicate:","[0, 0, 100, 20]",2,11.04,68,0,0.1745,0.176470588,0.171428571,1,0,-20,0,1,0,0,1,0,0,0,1,1,1,0,1,0,0,0,1,0,0,0,1,0,0,1,Text/Paragraph,,,TRUE,FALSE
"how the ODL will be implemented, including the timeline the financial plan for the implementation the financial plan for the first 2 operating years, including capital and operating costs, revenues, etc.","[0, 0, 100, 20]",2,11.04,31,0,0.0865,0.129032258,0.032258065,0,0,-20,0,1,0,0,1,0,0,0,1,1,1,0,1,0,0,0,1,0,0,0,1,0,0,0.999999988,Text/Paragraph,,,TRUE,FALSE
"a financial forecast for the succeeding 2 operating years the services and products to be delivered by the ODL how the ODL will operate and be managed following the implementation who will be involved, and what their role/responsibility will be, for both the implementation and operational stages the marketing and communications plan for the ODL","[0, 0, 100, 20]",2,11.04,55,0,0.146,0.181818182,0.053571429,0,0,-20,0,1,0,0,1,0,0,0,1,1,1,0,1,0,0,0,1,0,0,0,1,0,0,1,Text/Paragraph,,,TRUE,FALSE
"This business plan must be completed and approved by the ODL Steering Committee no later than September 30, 2003","[0, 0, 100, 20]",2,11.04,19,0,0.047,0.157894737,0.263157895,0,0,-20,0,1,0,0,1,0,0,0,1,1,1,0,1,0,0,0,1,0,0,0,1,0,0,0.999994257,Text/Paragraph,,,TRUE,FALSE
Timeline:,"[0, 0, 100, 20]",2,11.04,1,0,0.0045,0,1,1,0,0,0,1,1,0,1,0,0,0,1,1,1,1,0,0,0,0,1,0,0,0,1,1,1,0.996518395,Title/Heading,,,TRUE,TRUE
Those firms/consultants intended to submit a proposal to this RFP must indicate their intention to do so in an e-mail to Michael Ridley mridley@uoguelph.ca bymailto:mridley@uoguelph.ca April 11 th .,"[0, 0, 100, 20]",2,11.04,29,0,0.085,0.129032258,0.142857143,0,0,-20,0,1,0,0,1,0,0,0,1,1,1,0,1,0,0,0,1,0,0,0,1,0,0,0.999999986,Text/Paragraph,,,TRUE,FALSE
"Proposals may be e-mailed, mailed, couriered or faxed to: Larry Moore lmoore@accessola.com, Executive Director, The Ontario Library Association,mailto:lmoore@accessola.com 100 Lombard St., Suite 303, Toronto, ON M5C 1M3. Proposals must be received by Noon on Monday, April 21, 2003.","[0, 0, 100, 20]",2,10.77,38,0,0.1225,0.19047619,0.422222222,0,0,-20,0,1,0,0,0,0,0,0,1,1,1,0,1,0,0,0,1,0,0,0,1,0,0,1,Text/Paragraph,,,TRUE,FALSE
"Those proposals that are short-listed will be invited to discuss their proposal during the week of April 28, 2003 . No presentation will be expected. Firms or consultants invited to an interview will be expected to discuss the project and their approach with the selection committee .","[0, 0, 100, 20]",2,11.04,47,0,0.119,0.222222222,0.086956522,0,0,-20,0,1,0,0,1,0,0,0,1,1,1,0,1,0,0,0,1,0,0,0,1,0,0,1,Text/Paragraph,,,TRUE,FALSE
"Contracts with the firm/consultant will be signed the week of May 5, 2003 with the work to commence as soon as possible thereafter. RFP: To Develop the Ontario Digital Library Business Plan March 2003 2","[0, 0, 100, 20]",2,9.88,35,0,0.084,0.114285714,0.305555556,0,0,-20,0,1,0,3.48,0,0,0,0,1,1,1,0,1,0,0,0,1,0,0,0,1,0,0,1,Text/Paragraph,,,TRUE,FALSE
Please note that we reserve the right not to select any of the submitted proposals and may seek further response to these Terms of Reference.,"[0, 0, 100, 20]",3,11.04,25,0,0.0585,0.16,0.12,0,0,-20,0,1,0,0,1,0,0,0,1,1,1,0,1,0,0,0,1,0,0,0,1,0,0,0.999940278,Text/Paragraph,,,TRUE,FALSE
"If you require further information or have any questions, please contact Michael Ridley by email mridley@uoguelph.camailto:mridley@uoguelph.ca only by 3:00 p.m. on Friday April 18th . All questions and responses will be shared with those who have indicated that they will be submitting a proposal. Please note, that firms/consultants who have not indicated in an e-mail to Michael Ridley by April 11 th that they will be submitting a proposal will not receive any further information or question responses.","[0, 0, 100, 20]",3,11.04,78,0,0.2145,0.175,0.11627907,0,0,-20,0,1,0,0,1,0,0,0,1,1,1,0,1,0,0,0,1,0,0,0,1,0,0,1,Text/Paragraph,,,TRUE,FALSE
Background,"[0, 0, 100, 20]",3,12,1,0,0.005,0,1,0,0,0,0,1,1,0,1,0,0,0,1,1,1,0,0,0,0,0,1,0,0,0,1,1,1,0.999931489,Title/Heading,,,TRUE,TRUE
"First, some background on the ODL. For the last two years the Ontario Library Association has acted as a catalyst, bringing together the stakeholders needed to create the Ontario Digital Library ODL. These stakeholders include Ontario’s 5000+ public libraries, university, college, and school libraries, as well as Ontario government ministries.","[0, 0, 100, 20]",3,11.04,50,0,0.148,0.134615385,0.254901961,0,0,-20,0,1,0,0,1,0,0,0,1,1,1,0,1,0,0,0,1,0,0,0,1,0,0,1,Text/Paragraph,,,TRUE,FALSE
"Libraries that serve very different clientele recognize that by working together they can create seamless access to quality electronic library services. Through the ODL, students will be able to explore a topic at school, use the same child-safe resources after school either at home or at a public library, enter college or university with a knowledge of how to use electronic resources that are still available and then, after graduation, continue to use these skills and resources at work or at home.","[0, 0, 100, 20]",3,11.04,82,0,0.211,0.158536585,0.036144578,0,0,-20,0,1,0,0,1,0,0,0,1,1,1,0,1,0,0,0,1,0,0,0,1,0,0,1,Text/Paragraph,,,TRUE,FALSE
"We are moving into a period of convergence. With convergence we no longer have to license commercial products as individual libraries or institutions. We can work together to spend our money wisely. The provincial government has made this possible by working hard to provide all Ontarians with a stable, high-speed communications infrastructure. While there is still a great deal of work needed to improve this infrastructure, libraries are beginning to plan how best to exploit communications technology. We can reduce barriers to access and create the content infrastructure needed to support a knowledge society.","[0, 0, 100, 20]",3,11.04,94,0,0.261,0.223404255,0.073684211,0,0,-20,0,1,0,0,1,0,0,0,1,1,1,0,1,0,0,0,1,0,0,0,1,0,0,1,Text/Paragraph,,,TRUE,FALSE
"The concept of an ODL is a key element in The Roadmap to Prosperity, a strategic plan to envision and attain Ontario’s economic goal prepared by the Ontario Jobs and Investment Board. The OJIB strategic plan recommends an electronic library to “connect students to new workplaces, new sources of information and applied learning opportunities”. The ODL will do that and much more. The ODL will connect students to electronic information, and will also leverage this investment to help connect all citizens to the electronic information they need as they make decisions, solve problems and enhance their quality of life.","[0, 0, 100, 20]",3,11.04,99,0,0.2605,0.155339806,0.16,0,0,-20,0,1,0,0,1,0,0,0,1,1,1,0,1,0,0,0,1,0,0,0,1,0,0,1,Text/Paragraph,,,TRUE,FALSE
"Libraries have long been a key delivery point for public services. The ODL will allow that delivery point to move closer to citizens, into the smallest of libraries and even into living rooms.","[0, 0, 100, 20]",3,11.04,33,0,0.08,0.151515152,0.090909091,0,0,-20,0,1,0,0,1,0,0,0,1,1,1,0,1,0,0,0,1,0,0,0,1,0,0,0.999999971,Text/Paragraph,,,TRUE,FALSE
"Libraries have a long tradition of using a practical, consultative approach to solving problems, and of learning from others. The ODL is a very practical solution to various problems.","[0, 0, 100, 20]",3,11.04,29,0,0.0775,0.172413793,0.103448276,0,0,-20,0,1,0,0,1,0,0,0,1,1,1,1,1,0,0,0,1,0,0,0,1,0,0,0.999999955,Text/Paragraph,,,TRUE,FALSE
"Jurisdiction-wide digital libraries are very practical and very real. The ODL we propose is leading edge for Ontario but several jurisdictions have forged the path with collaborative digital libraries. We can learn from their experiences. For example, The Alberta Library TAL RFP: To Develop the Ontario Digital Library Business Plan March 2003 3","[0, 0, 100, 20]",3,10.17,53,0,0.147,0.150943396,0.351851852,0,0,-20,0,1,0,3.48,0,0,0,0,1,1,1,0,1,0,0,0,1,0,0,0,1,0,0,1,Text/Paragraph,,,TRUE,FALSE
"was incorporated in 1997 as a province-wide library consortium. TAL works collaboratively with its members to promote universal access to materials and resources in more than 250 public, post-secondary, special, government and regional libraries. Unlike ODL, TAL does not include elementary or secondary schools. However, the timeline and funding we are proposing for ODL is comparable to TAL‘s experience. TAL’s business planning took several years. TAL’s implementation plan was supported by 8 million dollars in provincially shared funding, spread over three years, later revised to 15 million dollars over 4 years. Not only is Alberta’s population 30% of Ontario’s, TAL does not include elementary or secondary schools as partners; it has 250 member libraries. ODL envisions universal access for all 10,000,000 Ontarians, with more than 5000 Ontario libraries as partners. Although ODL can learn from TAL’s practices, the scope of planning and implementing ODL is much larger than TAL.","[0, 0, 100, 20]",4,11.04,149,0,0.4205,0.142857143,0.132075472,0,0,-20,0,1,0,0,1,0,0,0,1,1,1,0,1,0,0,0,1,0,0,0,1,0,0,1,Text/Paragraph,,,TRUE,FALSE
"The ODL will be a partnership-based organization providing seamless electronic information services and resources to the citizens of Ontario. It will use local libraries as the entry point for common resources The ODL will recognize the unique responsibilities and needs of public libraries, school libraries, college and university libraries and special libraries. The ODL envisions a digital network of information resources, allowing members to collaborate when there is mutual benefit and to support the common mandates of local libraries. The principles which will define and guide the ODL are:","[0, 0, 100, 20]",4,11.04,89,0,0.2555,0.134831461,0.111111111,1,0,-20,0,1,0,0,1,0,0,0,1,1,1,0,1,0,0,0,1,0,0,0,1,0,0,1,Text/Paragraph,,,TRUE,FALSE
Equitable access for all Ontarians:,"[0, 0, 100, 20]",4,11.04,5,0,0.0155,0,0.4,1,0,0,0,1,1,0,1,0,0,0,1,1,1,1,0,0,0,0,1,0,0,0,1,1,1,0.786732609,Title/Heading,,,TRUE,TRUE
"We will bring consistent, high-quality electronic resources and services to 10 million Ontario citizens","[0, 0, 100, 20]",4,11.04,14,0,0.045,0.071428571,0.133333333,0,0,-20,0,1,0,0,1,0,0,0,1,1,1,0,0,0,0,0,1,0,0,0,1,0,0,0.999989695,Text/Paragraph,,,TRUE,FALSE
We will eliminate barriers to the access to information and create more consistent services for library clients.,"[0, 0, 100, 20]",4,11.04,17,0,0.048,0.117647059,0.058823529,0,0,-20,0,1,0,0,1,0,0,0,1,1,1,0,1,0,0,0,1,0,0,0,1,0,0,0.999149461,Text/Paragraph,,,TRUE,FALSE
Shared decision-making and accountability:,"[0, 0, 100, 20]",4,11.04,4,0,0.0195,0.25,0.2,1,0,0,0,1,1,0,1,0,0,0,1,1,1,1,0,0,0,0,1,0,0,0,1,1,1,0.987739741,Title/Heading,,,TRUE,TRUE
We will facilitate consensus among members regarding ODL’s portfolio of electronic licenses and services,"[0, 0, 100, 20]",4,11.04,14,0,0.0455,0.1875,0.133333333,0,0,-20,0,1,0,0,1,0,0,0,1,1,1,0,1,0,0,0,1,0,0,0,1,0,0,0.993209316,Text/Paragraph,,,TRUE,FALSE
We will balance the interests and realities of small and large as well as rich and poor communities and institutions.,"[0, 0, 100, 20]",4,11.04,20,0,0.049,0.05,0.05,0,0,-20,0,1,0,0,1,0,0,0,1,1,1,0,1,0,0,0,1,0,0,0,1,0,0,0.999887669,Text/Paragraph,,,TRUE,FALSE
Shared governance structure:,"[0, 0, 100, 20]",4,11.04,3,0,0.013,0.333333333,0.333333333,1,0,0,0,1,1,0,1,0,0,0,1,1,1,1,0,0,0,0,1,0,0,0,1,1,1,0.997968194,Title/Heading,,,TRUE,TRUE
We will share decision-making in order to enable the people we serve. We will work based on an underlying assumption of trust and synergy.,"[0, 0, 100, 20]",4,11.04,24,0,0.0575,0.166666667,0.08,0,0,-20,0,1,0,0,1,0,0,0,1,1,1,1,0,0,0,0,1,0,0,0,1,0,0,0.999962422,Text/Paragraph,,,TRUE,FALSE
Shared funding:,"[0, 0, 100, 20]",4,11.04,2,0,0.007,0.5,0.5,1,0,0,0,1,1,0,1,0,0,0,1,1,1,1,0,0,0,0,1,0,0,0,1,1,1,0.999835336,Title/Heading,,,TRUE,TRUE
"We will leverage provincial, institutional, and local dollars to realize economies of scale and put Ontario dollars to work for everyone .","[0, 0, 100, 20]",4,11.04,22,0,0.0585,0.19047619,0.095238095,0,0,-20,0,1,0,0,1,0,0,0,1,1,1,0,1,0,0,0,1,0,0,0,1,0,0,0.999980683,Text/Paragraph,,,TRUE,FALSE
We will be willing to pool talents and dollars in order to provide common services that are truly greater than those that can be maintained by individual institutions. RFP: To Develop the Ontario Digital Library Business Plan March 2003 4,"[0, 0, 100, 20]",4,9.88,40,0,0.0995,0.175,0.25,0,0,-20,0,1,0,3.48,0,0,0,0,1,1,1,0,1,0,0,0,1,0,0,0,1,0,0,1,Text/Paragraph,,,TRUE,FALSE
Local points of entry:,"[0, 0, 100, 20]",5,11.04,4,0,0.0095,0,0.25,1,0,0,0,1,1,0,1,0,0,0,1,1,1,1,0,0,0,0,1,0,0,0,1,1,1,0.869085645,Title/Heading,,,TRUE,TRUE
"We will provide the licenses, infrastructure, services and support that enable local libraries to provide exceptional services to their clientele. ODL will focus on support, providing the underpinning, not overshadowing.","[0, 0, 100, 20]",5,11.04,30,0,0.0955,0.166666667,0.066666667,0,0,-20,0,1,0,0,1,0,0,0,1,1,1,0,1,0,0,0,1,0,0,0,1,0,0,0.999999957,Text/Paragraph,,,TRUE,FALSE
Services envisioned for the ODL’s include:,"[0, 0, 100, 20]",5,11.04,6,0,0.0185,0.125,0.285714286,1,0,0,0,1,1,0,1,0,0,0,1,1,1,1,0,0,0,0,1,0,0,0,1,0,1,0.722434146,Title/Heading,,,FALSE,TRUE
Access:,"[0, 0, 100, 20]",5,11.04,1,0,0.0035,0,1,1,0,0,0,1,1,0,1,0,0,0,1,1,1,1,0,0,0,0,1,0,0,0,1,1,1,0.996656532,Title/Heading,,,TRUE,TRUE
"to the “deep” web i.e. Commercial, purchased electronic services to credible web sites and electronic resources to digital government information to local digital collections","[0, 0, 100, 20]",5,11.04,24,0,0.0755,0,0.04,0,0,-20,0,1,0,0,1,0,0,0,1,1,1,0,1,0,0,0,1,0,0,0,1,0,0,0.999999981,Text/Paragraph,,,TRUE,FALSE
Guidance and Advice:,"[0, 0, 100, 20]",5,11.04,3,0,0.009,0,0.666666667,1,0,0,0,1,1,0,1,0,0,0,1,1,1,1,0,0,0,0,1,0,0,0,1,1,1,0.96937263,Title/Heading,,,TRUE,TRUE
"to support e-learning to support citizens, in real-time, as they try to use electronic resources to assist citizens as they use web-links","[0, 0, 100, 20]",5,11.04,22,0,0.058,0.272727273,0,0,0,-20,0,1,0,0,1,0,0,0,1,1,1,0,1,0,0,0,1,0,0,0,1,0,0,0.999993504,Text/Paragraph,,,TRUE,FALSE
Training:,"[0, 0, 100, 20]",5,11.04,1,0,0.0045,0,1,1,0,0,0,1,1,0,1,0,0,0,1,1,1,1,0,0,0,0,1,0,0,0,1,1,1,0.996518395,Title/Heading,,,TRUE,TRUE
for library workers for the general public,"[0, 0, 100, 20]",5,11.04,7,0,0.018,0,0,0,0,-20,0,1,0,0,1,0,0,0,1,1,1,0,1,0,0,0,1,0,0,0,1,0,0,0.900366162,Text/Paragraph,,,TRUE,FALSE
Provincial Purchasing & Licensing:,"[0, 0, 100, 20]",5,11.04,4,0,0.0155,0,1,1,0,0,0,1,1,0,1,0,0,0,1,1,1,1,0,0,0,0,1,0,0,0,1,1,1,0.94984655,Title/Heading,,,TRUE,TRUE
of electronic content on a consortia basis for all member libraries,"[0, 0, 100, 20]",5,11.04,11,0,0.0285,0,0,0,0,0,0,1,1,0,1,0,0,0,1,1,1,0,0,0,0,0,1,0,0,0,1,0,0,0.975052694,Text/Paragraph,,,TRUE,FALSE
Technological Support:,"[0, 0, 100, 20]",5,11.04,2,0,0.0105,0,1,1,0,0,0,1,1,0,1,0,0,0,1,1,1,1,0,0,0,0,1,0,0,0,1,1,1,0.962396206,Title/Heading,,,TRUE,TRUE
of common standards for the preservation and archiving local digital content of a common interface to ODL resources and services that can be imbedded in local library web sites,"[0, 0, 100, 20]",5,11.04,29,0,0.074,0.103448276,0.034482759,0,0,-20,0,1,0,0,1,0,0,0,1,1,1,0,1,0,0,0,1,0,0,0,1,0,0,0.999999897,Text/Paragraph,,,TRUE,FALSE
What could the ODL really mean?,"[0, 0, 100, 20]",5,11.04,6,0,0.013,0.166666667,0.333333333,0,0,0,0,1,1,0,1,0,0,0,1,1,1,1,0,0,0,0,1,0,0,0,1,1,1,0.753018184,Title/Heading,,,TRUE,TRUE
For each Ontario citizen it could mean:,"[0, 0, 100, 20]",5,11.04,7,0,0.0165,0.285714286,0.285714286,1,0,0,0,1,1,0,1,0,0,0,1,1,1,1,0,0,0,0,1,0,0,0,1,1,1,0.938349989,Title/Heading,,,TRUE,TRUE
"One local point of entry to access seamless electronic library services and resources for their personal, educational and professional needs; Access to credible, high-quality, user-friendly electronic services through their community, school, or academic library; Confidence that the electronic services and sources they – and their children – are using are safe, valid, and bringing them both global and local perspectives; Electronic information and tools that enhance job skills and the learning experience","[0, 0, 100, 20]",5,11.04,72,0,0.219,0.097222222,0.055555556,0,0,-20,0,1,0,0,1,0,0,0,1,1,1,0,1,0,0,0,1,0,0,0,1,0,0,1,Text/Paragraph,,,TRUE,FALSE
For each Ontario student it could mean:,"[0, 0, 100, 20]",5,11.04,7,0,0.0165,0.142857143,0.285714286,1,0,0,0,1,1,0,1,0,0,0,1,1,1,1,0,0,0,0,1,0,0,0,1,1,1,0.905540066,Title/Heading,,,TRUE,TRUE
"One local point of entry to quality, curriculum- based electronic information resources and services Connection to their individual educational environment, whether at the elementary, secondary or post-secondary levels RFP: To Develop the Ontario Digital Library Business Plan March 2003 5","[0, 0, 100, 20]",5,10.34,40,0,0.125,0.075,0.268292683,0,0,-20,0,1,0,3.48,0,0,0,0,1,1,1,0,1,0,0,0,1,0,0,0,1,0,0,1,Text/Paragraph,,,TRUE,FALSE
"Confidence that the services and resources people are using are credible, available when they need them and adaptable to different learning styles","[0, 0, 100, 20]",6,11.04,22,0,0.0625,0.181818182,0.045454545,0,0,-20,0,1,0,0,1,0,0,0,1,1,1,1,1,0,0,0,1,0,0,0,1,0,0,0.999997389,Text/Paragraph,,,TRUE,FALSE
For each Ontario library it could mean:,"[0, 0, 100, 20]",6,11.04,7,0,0.0165,0.285714286,0.285714286,1,0,0,0,1,1,0,1,0,0,0,1,1,1,1,0,0,0,0,1,0,0,0,1,1,1,0.938349989,Title/Heading,,,TRUE,TRUE
"One point of entry for themselves and their clientele to quality electronic resources and services that support and enhance their collections, programs and services","[0, 0, 100, 20]",6,11.04,24,0,0.0705,0.083333333,0.041666667,0,0,-20,0,1,0,0,1,0,0,0,1,1,1,0,1,0,0,0,1,0,0,0,1,0,0,0.999990147,Text/Paragraph,,,TRUE,FALSE
"The opportunity to show case their local community, collections, services, and expertise","[0, 0, 100, 20]",6,11.04,12,0,0.0385,0.083333333,0.083333333,0,0,-20,0,1,0,0,1,0,0,0,1,1,1,0,1,0,0,0,1,0,0,0,1,0,0,0.953161708,Text/Paragraph,,,TRUE,FALSE
"The opportunity to gain from the provincial, collaborative partnership in order to provide a seamless gateway to digital resources and services","[0, 0, 100, 20]",6,11.04,21,0,0.0615,0.095238095,0.047619048,0,0,-20,0,1,0,0,1,0,0,0,1,1,1,0,1,0,0,0,1,0,0,0,1,0,0,0.999958462,Text/Paragraph,,,TRUE,FALSE
For the Ontario government it could mean:,"[0, 0, 100, 20]",6,11.04,7,0,0.0175,0.142857143,0.285714286,1,0,0,0,1,1,0,1,0,0,0,1,1,1,1,0,0,0,0,1,0,0,0,1,1,1,0.902007549,Title/Heading,,,TRUE,TRUE
"A point of entry to information services and resources for all Ontario citizens, connecting to portal initiatives . Support of the Ontario E-Learning strategy through a collaborative digital library initiative that positions Ontario on the global e-learning scene Improved access and flexibility for all students at all ages and stages supports Ontario’s lifelong learning strategy The opportunity to address emerging job skills shortages and facilitate school to work and job to job transitions with the necessary information and knowledge supports and tools","[0, 0, 100, 20]",6,11.04,82,0,0.239,0.060240964,0.119047619,0,0,-20,0,1,0,0,1,0,0,0,1,1,1,1,1,0,0,0,1,0,0,0,1,0,0,1,Text/Paragraph,,,TRUE,FALSE
ODL will be an incorporated non-profit organization governed by a Board of Directors elected by a voting membership. The Board will include representatives from all stakeholders. We envision a governance model similar to that prepared for the province’s ORION network.,"[0, 0, 100, 20]",6,11.04,40,0,0.1145,0.142857143,0.166666667,0,0,-20,0,1,0,0,1,0,0,0,1,1,1,0,1,0,0,0,1,0,0,0,1,0,0,1,Text/Paragraph,,,TRUE,FALSE
"More information regarding the envisioned phasing, funding and resources required for the ODL can be found in the appendixes.","[0, 0, 100, 20]",6,11.04,19,0,0.0535,0.210526316,0.105263158,0,0,-20,0,1,0,0,1,0,0,0,1,1,1,0,0,0,0,0,1,0,0,0,1,0,0,0.999919724,Text/Paragraph,,,TRUE,FALSE
The Business Plan to be Developed,"[0, 0, 100, 20]",6,12,6,0,0.014,0.333333333,0.666666667,0,0,0,0,1,1,0,1,0,0,0,1,1,1,0,0,0,0,0,1,0,0,0,1,1,1,0.999510763,Title/Heading,,,TRUE,TRUE
"The business plan which needs to be developed for the ODL must be a formal business plan that documents and clearly communicates the ODL’s services, funding and governance structures, as well as implementation plans for 2004-2005, and operational plans for 20052007. The planning process must also secure the full commitment of all stakeholders, as represented on the Steering Committee.","[0, 0, 100, 20]",6,11.04,59,0,0.1645,0.114754098,0.098360656,0,0,-20,0,1,0,0,1,0,0,0,1,1,1,0,1,0,0,0,1,0,0,0,1,0,0,1,Text/Paragraph,,,TRUE,FALSE
"Specifically, the business plan must include: how the ODL will be implemented, including the timeline the financial plan for the implementation the financial plan for the first 2 operating years, including capital and operating costs, revenues, etc. a financial forecast for the succeeding 2 operating years the services and products to be delivered by the ODL how the ODL will operate and be managed following the implementation who will be involved, and what their role/responsibility will be, for both the implementation and operational stages RFP: To Develop the Ontario Digital Library Business Plan March 2003 6","[0, 0, 100, 20]",6,10.72,96,0,0.261,0.177083333,0.134020619,0,0,-20,0,1,0,3.48,0,0,0,0,1,1,1,1,1,0,0,0,1,0,0,0,1,0,0,1,Text/Paragraph,,,TRUE,FALSE
the marketing and communications plan for the ODL the commitment of all stakeholders to their responsibilities,"[0, 0, 100, 20]",2,11.04,16,0,0.0475,0,0.0625,0,0,-20,0,1,0,0,1,0,0,0,1,1,1,0,1,0,0,0,1,0,0,0,1,0,0,0.953014875,Text/Paragraph,,,TRUE,FALSE
The process of developing this business plan must be extremely consultative to ensure that all stakeholders are engaged in creating a synergistic ODL organization. The proposal must indicate how this consultative process will be approached.,"[0, 0, 100, 20]",7,11.04,35,0,0.103,0.257142857,0.085714286,0,0,-20,0,1,0,0,1,0,0,0,1,1,1,0,1,0,0,0,1,0,0,0,1,0,0,0.999999999,Text/Paragraph,,,TRUE,FALSE
"The business plan for the ODL must address significant issues. There are, for example, enormous differences in the financial resources available to libraries mandated to provide similar services. Some post-secondary and public libraries, particularly those in large urban areas, have the facilities, funding and technological infrastructure necessary to service their patrons with electronic services and resources. Many others, particularly in rural regions, do not. The proposal must indicate how these issues will be approached.","[0, 0, 100, 20]",7,11.04,74,0,0.229,0.135135135,0.08,0,0,-20,0,1,0,0,1,0,0,0,1,1,1,1,1,0,0,0,1,0,0,0,1,0,0,1,Text/Paragraph,,,TRUE,FALSE
Milestones,"[0, 0, 100, 20]",7,12,1,0,0.005,0,1,0,0,0,0,1,1,0,1,0,0,0,1,1,1,0,0,0,0,0,1,0,0,0,1,1,1,0.999931489,Title/Heading,,,TRUE,TRUE
"1 A preliminary report will be issued during June 2003. 2 It is expected that an Interim Report, suitable for distribution to the broader library community will be available by August 1, 2003 and that there will be an opportunity for responses to be evaluated. 3 The business plan must be completed and approved by the ODL Steering Committee no later than September 30, 2003.","[0, 0, 100, 20]",7,11.04,65,0,0.1555,0.169230769,0.169230769,0,0,-20,0,1,0,0,1,0,0,0,1,1,1,1,0,0,0,0,1,0,0,0,1,0,0,1,Text/Paragraph,,,TRUE,FALSE
Approach and Specific Proposal Requirements,"[0, 0, 100, 20]",7,12,5,0,0.0195,0,0.8,0,0,0,0,1,1,0,1,0,0,0,1,1,1,0,0,0,0,0,1,0,0,0,1,1,1,0.998268505,Title/Heading,,,TRUE,TRUE
"The firm/consultant or proposed team of consultants will be expected to work closely with the ODL Steering Committee. Terms of reference for the Committee are in the appendix. Given the consultative nature of this business planning process, the firm/consultant will also be expected to travel and communicate regularly with various stakeholders as well as with electronic resource publishers/vendors.","[0, 0, 100, 20]",7,11.04,58,0,0.1715,0.172413793,0.114754098,0,0,-20,0,1,0,0,1,0,0,0,1,1,1,0,1,0,0,0,1,0,0,0,1,0,0,1,Text/Paragraph,,,TRUE,FALSE
The proposal should include the following information:,"[0, 0, 100, 20]",7,11.04,7,0,0.024,0.142857143,0.142857143,1,0,0,0,1,1,0,1,0,0,0,1,1,1,1,0,0,0,0,1,0,0,0,1,0,1,0.70760622,Title/Heading,,,FALSE,TRUE
"a name of the firm/consultant b names of those individuals who will be engaged in this project, their specific responsibilities on this project and relevant experience/qualifications c description of similar engagements that highlight the firm’s experience in business planning and building stakeholder commitment d references with details of work completed for these references e description of the approach that will be used for completing the business plan, including a timeline f cost to complete the study including estimated expenses i.e.: travel, etc. and payment structure","[0, 0, 100, 20]",7,11.04,85,0,0.248,0.172413793,0,0,0,-20,0,1,0,0,1,0,0,0,1,1,1,0,1,0,0,0,1,0,0,0,1,0,0,1,Text/Paragraph,,,TRUE,FALSE
RFP: To Develop the Ontario Digital Library Business Plan March 2003 7,"[0, 0, 100, 20]",7,7.56,12,0,0.0295,0.083333333,0.75,0,0,0,0,1,1,0,1,0,0,0,1,1,1,0,0,0,0,0,1,0,0,0,1,0,0,1,Text/Paragraph,,,TRUE,FALSE
Evaluation and Awarding of Contract,"[0, 0, 100, 20]",8,12,5,0,0.0155,0,0.6,0,0,0,0,1,1,0,1,0,0,0,1,1,1,0,0,0,0,0,1,0,0,0,1,1,1,0.998381082,Title/Heading,,,TRUE,TRUE
The contract will be awarded to the bidder whose submission offers the best value; the contract will not necessarily be awarded to the lowest bidder. We reserve the right not to award the contract to any of the bidders responding to this RFP and we may seek further response.,"[0, 0, 100, 20]",8,11.04,49,0,0.1135,0.183673469,0.06122449,0,0,-20,0,1,0,0,1,0,0,0,1,1,1,0,1,0,0,0,1,0,0,0,1,0,0,1,Text/Paragraph,,,TRUE,FALSE
"Specifically, proposals will be evaluated proposals according to the following criteria:","[0, 0, 100, 20]",8,11.04,11,0,0.039,0.272727273,0.090909091,1,0,0,0,1,1,0,1,0,0,0,1,1,1,1,0,0,0,0,1,0,0,0,1,0,0,0.853472492,Text/Paragraph,,,TRUE,FALSE
"Quality of the proposal /approach outlined for undertaking the business planning process Demonstrated experience Cost, including expenses Timeline and projected completion date Other relevant factors as determined by the ODL Steering Committee","[0, 0, 100, 20]",8,11.04,32,0,0.106,0.1875,0.25,0,0,-20,0,1,0,0,1,0,0,0,1,1,1,0,0,0,0,0,1,0,0,0,1,0,0,0.999999989,Text/Paragraph,,,TRUE,FALSE
Questions regarding this RFP should be directed by e-mail only to Michael Ridley mridley@uoguelph.ca.mailto:mridley@uoguelph.ca,"[0, 0, 100, 20]",8,11.04,14,0,0.057,0.176470588,0.19047619,0,0,-20,0,1,0,0,1,0,0,0,1,1,1,0,1,0,0,0,1,0,0,0,1,0,0,0.997254754,Text/Paragraph,,,TRUE,FALSE
Bidders are asked not to contact any other member of the ODL Catalyst Team or the ODL Steering Committee.,"[0, 0, 100, 20]",8,11.04,19,0,0.0435,0.157894737,0.368421053,0,0,-20,0,1,0,0,1,0,0,0,1,1,1,0,0,0,0,0,1,0,0,0,1,0,0,0.999502075,Text/Paragraph,,,TRUE,FALSE
RFP: To Develop the Ontario Digital Library Business Plan March 2003 8,"[0, 0, 100, 20]",8,7.56,12,0,0.0295,0.083333333,0.75,0,0,0,0,1,1,0,1,0,0,0,1,1,1,0,0,0,0,0,1,0,0,0,1,0,0,1,Text/Paragraph,,,TRUE,FALSE
Appendix A: ODL Envisioned Phases & Funding,"[0, 0, 100, 20]",9,12,7,0,0.0185,0,1,0,0,0,0,1,1,0,1,0,0,0,1,1,1,0,0,0,0,0,1,0,0,0,1,1,1,0.999778205,Title/Heading,,,TRUE,TRUE
Phase I: Business Planning,"[0, 0, 100, 20]",9,9.96,4,0,0.0115,0.25,1,0,0,0,0,1,1,0,1,0,0,0,1,1,1,0,0,0,0,0,1,0,0,0,1,1,1,0.855695852,Title/Heading,,,TRUE,TRUE
"Timeline: March 2003 – September 2003 Funding Requested: ~$100,000 jointly funded by stakeholder groups and the provincial government.","[0, 0, 100, 20]",9,9.96,18,0,0.0585,0.166666667,0.277777778,0,0,-20,0,1,0,0,1,0,0,0,1,1,1,0,0,0,0,0,1,0,0,0,1,0,0,0.999999996,Text/Paragraph,,,TRUE,FALSE
Result: The ODL business plan,"[0, 0, 100, 20]",9,9.96,5,0,0.0125,0,0.6,0,0,0,0,1,1,0,1,0,0,0,1,1,1,0,0,0,0,0,1,0,0,0,1,0,0,0.73927505,Text/Paragraph,,,TRUE,FALSE
"The first phase will be to build the ODL business plan. This plan will clearly define the ODL’s services, funding and governance structures, as well as implementation plans for 2003-2005. It will also secure the full commitment of all stakeholders and scope the operational plan for ODL for 2006 and beyond.","[0, 0, 100, 20]",9,9.96,51,0,0.1285,0.094339623,0.113207547,0,0,-20,0,1,0,0,1,0,0,0,1,1,1,1,1,0,0,0,1,0,0,0,1,0,0,1,Text/Paragraph,,,TRUE,FALSE
"Given the number and diversity of stakeholders involved, the business planning process must be a fully consultative approach. To ensure that the planning results in a workable plan with the full commitment of all stakeholders it must have competent, dedicated staffing and monies for the travel and communication components so critical in a consultative process.","[0, 0, 100, 20]",9,9.96,55,0,0.154,0.109090909,0.036363636,0,0,-20,0,1,0,0,1,0,0,0,1,1,1,0,1,0,0,0,1,0,0,0,1,0,0,1,Text/Paragraph,,,TRUE,FALSE
Phase II: Implementing and Transitioning,"[0, 0, 100, 20]",9,9.96,5,0,0.018,0,0.8,0,0,0,0,1,1,0,1,0,0,0,1,1,1,0,0,0,0,0,1,0,0,0,1,1,0,0.779994153,Text/Paragraph,,,FALSE,TRUE
"Timeline: April 2004 – December 2006 Funding Requested: Funding from other states and provinces suggest that the ODL could receive funding of up to $50 Million over 3 years. Funding to be provided partnership of government, library stakeholders and other interested parties.","[0, 0, 100, 20]",9,9.96,42,0,0.1165,0.142857143,0.219512195,0,0,-20,0,1,0,0,1,0,0,0,1,1,1,0,0,0,0,0,1,0,0,0,1,0,0,1,Text/Paragraph,,,TRUE,FALSE
Result: The ODL is implemented and validated,"[0, 0, 100, 20]",9,9.96,7,0,0.019,0.428571429,0.428571429,0,0,0,0,1,1,0,1,0,0,0,1,1,1,0,0,0,0,0,1,0,0,0,1,0,0,0.662317786,Text/Paragraph,,,TRUE,FALSE
"The second phase will be to implement the ODL based on the business plan. This phase recognizes that for ODL to be optimally successful libraries must transition to a new way of doing business and providing services. The transition must occur while libraries continue to provide existing services and respond to current challenges. This implementation phase will funded by a partnership of government, library stakeholders and other interested parties as a means to quickly jumpstart the ODL.","[0, 0, 100, 20]",9,9.96,77,0,0.208,0.181818182,0.090909091,0,0,-20,0,1,0,0,1,0,0,0,1,1,1,0,1,0,0,0,1,0,0,0,1,0,0,1,Text/Paragraph,,,TRUE,FALSE
"The seed money requested will allow libraries to realign their budgets and services as the infrastructure and content of the ODL is created and secured. Some of the funding will be new money, although there is every indication that existing budgets and methods of operating may be modified as a result of recommendations . During this phase the polices, procedures, governance structures and accountability mechanisms of the ODL will be put in place. Pilot projects will be initiated, evaluated and expanded. Information resources will be identified, contracts for these resources will be negotiated and resources will be made deployed through the ODL. Regular evaluation during this phase will ensure the ODL is achieving its objectives and is accountable to its key communities.","[0, 0, 100, 20]",9,9.96,122,0,0.3295,0.231404959,0.082644628,0,0,-20,0,1,0,0,1,0,0,0,1,1,1,0,1,0,0,0,1,0,0,0,1,0,0,1,Text/Paragraph,,,TRUE,FALSE
Phase III: Operating and Growing the ODL,"[0, 0, 100, 20]",9,9.96,7,0,0.017,0.142857143,0.714285714,0,0,0,0,1,1,0,1,0,0,0,1,1,1,0,0,0,0,0,1,0,0,0,1,1,0,0.820093524,Text/Paragraph,,,FALSE,TRUE
Timeline: January 2007 - Funding: $50 Million annually $35 Million requested from government,"[0, 0, 100, 20]",9,9.96,13,0,0.04,0.083333333,0.416666667,0,0,-20,0,1,0,0,1,0,0,0,1,1,1,0,0,0,0,0,1,0,0,0,1,0,0,0.999999447,Text/Paragraph,,,TRUE,FALSE
Result: The ODL is fully operational and sustainable,"[0, 0, 100, 20]",9,9.96,8,0,0.0225,0.125,0.375,0,0,0,0,1,1,0,1,0,0,0,1,1,1,0,0,0,0,0,1,0,0,0,1,0,0,0.986763066,Text/Paragraph,,,TRUE,FALSE
In the third phase the ODL moves into the operational stage. Ontarians will experience the full benefits of the initiative and libraries will consolidate support around the ODL to grow resources and extend,"[0, 0, 100, 20]",9,9.96,33,0,0.0865,0.151515152,0.121212121,0,0,-20,0,1,0,0,1,0,0,0,1,1,1,0,1,0,0,0,1,0,0,0,1,0,0,0.999999998,Text/Paragraph,,,TRUE,FALSE
RFP: To Develop the Ontario Digital Library Business Plan March 2003 9,"[0, 0, 100, 20]",9,7.56,12,0,0.0295,0.083333333,0.75,0,0,0,0,1,1,0,1,0,0,0,1,1,1,0,0,0,0,0,1,0,0,0,1,0,0,1,Text/Paragraph,,,TRUE,FALSE
capabilities. The challenge is to secure resources sufficient to both sustain the original investments and to enhance the ODL.,"[0, 0, 100, 20]",10,9.96,19,0,0.054,0.210526316,0.105263158,0,0,-20,0,1,0,0,1,0,0,0,1,1,1,0,1,0,0,0,1,0,0,0,1,0,0,0.99998621,Text/Paragraph,,,TRUE,FALSE
"The ongoing funding of the ODL will be based on a partnership model involving all the key participants i.e. government, libraries, donors, public and private sectors. All participants i.e. beneficiaries are expected to make financial contributions to the ODL. It is important in achieving the full impact of the ODL on Ontario’s economy, society and learning support that all library sectors are participants university, colleges, public libraries and schools.","[0, 0, 100, 20]",10,9.96,69,0,0.196,0.154929577,0.097222222,0,0,-20,0,1,0,0,1,0,0,0,1,1,1,0,1,0,0,0,1,0,0,0,1,0,0,1,Text/Paragraph,,,TRUE,FALSE
"The proposed funding model requires a continuing government investment, but also recognizes that as the ODL matures a growing share of ODL funding will come from libraries and non-governmental sources. During the 3-year implementation phase 2004 – 2006 libraries will realign their budgets to enable ongoing funding contributions to ODL. During the same period ODL must build the proposed endowment and secure public and private sector gifts and/or in-kind contributions. The following chart outlines the model. This model is based on these assumptions:","[0, 0, 100, 20]",10,9.96,83,0,0.2355,0.204819277,0.104651163,1,0,-20,0,1,0,0,1,0,0,0,1,1,1,0,1,0,0,0,1,0,0,0,1,0,0,1,Text/Paragraph,,,TRUE,FALSE
"1. that ODL expenditures will increase by 50% over a 10 year period 2. that government funding will decrease from 70% to 45% during that 10 year period 3. that library contributions, endowment and gifts/in-kind funding will increase from 30% to 55% during the same period","[0, 0, 100, 20]",10,9.96,46,0,0.113,0.086956522,0.020833333,0,0,-20,0,1,0,0,1,0,0,0,1,1,1,0,0,0,0,0,1,0,0,0,1,0,0,1,Text/Paragraph,,,TRUE,FALSE
OVERVIEW OF ODL FUNDING MODEL,"[0, 0, 100, 20]",10,9.96,5,1,0.0125,0,1,0,0,0,0,1,1,0,1,0,0,0,1,1,1,0,0,0,0,0,1,0,0,0,1,1,1,0.999897541,Title/Heading,,,TRUE,TRUE
Funding Source 2007 2017 Government $35M 70% $33.75M 45% Libraries $10M 20% $22.5M 30% Endowment $4.5M 9% $15M 20% Gifts/In-Kind $0.5M 1% $3.75M 5% TOTAL ANNUAL $50M $75M,"[0, 0, 100, 20]",10,10.3,28,0,0.0715,0.035714286,0.285714286,0,0,-20,0,1,0,2.04,0,0,0,0,1,1,1,0,0,0,0,0,1,0,0,0,1,0,0,1,Text/Paragraph,,,TRUE,FALSE
"While the private sector will be invited to participate in the ODL through the endowment, gifts and inkind contributions, the ODL will also explore compatible commercial services which leverage the reach of the ODL and help to offset operating costs.","[0, 0, 100, 20]",10,9.96,40,0,0.1055,0.175,0.1,0,0,-20,0,1,0,0,1,0,0,0,1,1,1,0,1,0,0,0,1,0,0,0,1,0,0,1,Text/Paragraph,,,TRUE,FALSE
"A $50M budget leverages the consortium buying power of the province’s libraries to secure the best prices for information resources, the widest accessibility and the most favourable contracts. A budget of this nature will ensure a core digital collection of sufficient scope and coverage to address a substantial amount of the wide and diverse information and learning needs of the citizens of Ontario an overview of the nature of the ODL digital collection is appended. The proposed ODL expenditures in 2006 represent an investment of $5.00 per citizen.","[0, 0, 100, 20]",10,9.96,88,0,0.2335,0.1,0.066666667,0,0,-20,0,1,0,0,1,0,0,0,1,1,1,0,1,0,0,0,1,0,0,0,1,0,0,1,Text/Paragraph,,,TRUE,FALSE
It is important to recognize that every new dollar per citizen invested in the Ontario Digital Library has a double benefit: it supports a province-wide library of high quality information resources and it strengthens every local library in Ontario by allowing them to reinvest existing dollars in new resources that enhance local services. This multiplier means that for every dollar invested in ODL the return on investment is worth $2 of value for Ontario.,"[0, 0, 100, 20]",10,9.96,74,0,0.193,0.175675676,0.106666667,0,0,-20,0,1,0,0,1,0,0,0,1,1,1,0,1,0,0,0,1,0,0,0,1,0,0,1,Text/Paragraph,,,TRUE,FALSE
RFP: To Develop the Ontario Digital Library Business Plan March 2003 10,"[0, 0, 100, 20]",10,7.56,12,0,0.03,0.083333333,0.75,0,0,0,0,1,1,0,1,0,0,0,1,1,1,0,0,0,0,0,1,0,0,0,1,0,0,1,Text/Paragraph,,,TRUE,FALSE
Appendix B: ODL Steering Committee Terms of Reference,"[0, 0, 100, 20]",11,12,8,0,0.023,0,0.875,0,0,0,0,1,1,0,1,0,0,0,1,1,1,0,0,0,0,0,1,0,0,0,1,1,1,0.999591094,Title/Heading,,,TRUE,TRUE
1. Preamble,"[0, 0, 100, 20]",11,9.96,2,0,0.005,0,0.5,0,0,0,0,1,1,0,1,0,0,0,1,1,1,0,0,0,0,0,1,0,0,0,1,1,1,0.508363965,Title/Heading,,,TRUE,TRUE
"Implementation of the Ontario Digital Library ODL requires a detailed business plan to be developed and supported by its diverse stakeholder communities see: www.odl.on.ca. The business development planning and commitment process will be overseen by a Steering Committee, who are accountable to potential ODL funders including the Province of Ontario.","[0, 0, 100, 20]",11,9.96,50,0,0.151,0.18,0.20754717,0,0,-20,0,1,0,0,1,0,0,0,1,1,1,0,1,0,0,0,1,0,0,0,1,0,0,1,Text/Paragraph,,,TRUE,FALSE
2. Terms of Reference,"[0, 0, 100, 20]",11,9.96,4,0,0.009,0,0.5,0,0,0,0,1,1,0,1,0,0,0,1,1,1,0,0,0,0,0,1,0,0,0,1,1,1,0.553351046,Title/Heading,,,TRUE,TRUE
"In broad terms, the ODL Business Plan Steering Committee is responsible for development of the business plan, securing sector support, and management of the planners and process. Specific responsibilities include:","[0, 0, 100, 20]",11,9.96,30,0,0.092,0.1,0.233333333,1,0,-20,0,1,0,0,1,0,0,0,1,1,1,0,1,0,0,0,1,0,0,0,1,0,0,0.999999953,Text/Paragraph,,,TRUE,FALSE
"2.1 developing a detailed business plan for the three-year implementation phase of the ODL, including governance, management, funding model and structure, organizational structure, marketing, staffing, and evaluation; 2.2 consulting with and reporting to stakeholder communities, to ensure open, consistent and two-way communication, and to ensure meaningful opportunities for stakeholder input into decisionmaking; 2.3 recruiting and managing the business planners; 2.4 defining terms of reference and resource parameters for business planners, and authorizing expenditures; 2.5 serving as a focus group for business planners to test ideas; 2.6 providing signoff for business planners at key decision points of business plan development; 2.7 securing commitment from library, government, and institutional stakeholders for implementation of the business plan; 2.8 presenting the business plan to funders 2.9 undertaking advocacy efforts to promote the ODL to the broader communities including library and education communities.","[0, 0, 100, 20]",11,9.96,138,0,0.4455,0.137681159,0.013422819,0,0,-20,0,1,0,0,1,0,0,0,1,1,1,0,1,0,0,0,1,0,0,0,1,0,0,1,Text/Paragraph,,,TRUE,FALSE
3. Membership,"[0, 0, 100, 20]",11,9.96,2,0,0.006,0,0.5,0,0,0,0,1,1,0,1,0,0,0,1,1,1,0,0,0,0,0,1,0,0,0,1,1,1,0.990101602,Title/Heading,,,TRUE,TRUE
"Each of the four sectors, Schools, Colleges, Universities, and Public Libraries can appoint up to two representatives to the steering committee","[0, 0, 100, 20]",11,9.96,21,0,0.0615,0.047619048,0.285714286,0,0,-20,0,1,0,0,1,0,0,0,1,1,1,0,1,0,0,0,1,0,0,0,1,0,0,0.999999294,Text/Paragraph,,,TRUE,FALSE
"3.1 Schools: Ontario School Library Association OSLA and The Association of Library Consultants and Coordinators of Ontario TALCO  Executive Council of OSLA to name representative in consultation with TALCO 3.2 Universities: Ontario Council of University Libraries OCUL  OCUL to name 3.3 Colleges: Bibliocentre, and Heads of Libraries and Learning Resources UAG and HLLR to name 3.4 Public libraries: Administrators of Medium-sized Public Libraries of Ontario AMPLO, Administrators of Rural Urban Public Libraries of Ontario ARUPLO, Administrators of Small Public Libraries of Ontario ASPLO and Chief Executives of Large-sized Public Libraries of Ontario CELPLO Executives of AMPLO, ARUPLO, ASPLO and CELPLO to name","[0, 0, 100, 20]",11,9.96,102,0,0.306,0.039215686,0.592592593,0,0,-20,0,1,0,0,1,0,0,0,1,1,1,1,0,0,0,0,1,0,0,0,1,0,0,1,Text/Paragraph,,,TRUE,FALSE
RFP: To Develop the Ontario Digital Library Business Plan March 2003 11,"[0, 0, 100, 20]",11,7.56,12,0,0.03,0.083333333,0.75,0,0,0,0,1,1,0,1,0,0,0,1,1,1,0,0,0,0,0,1,0,0,0,1,0,0,1,Text/Paragraph,,,TRUE,FALSE
"3.5 Ontario Library Association representative ex-officio  OLA to appoint one representative Role of the OLA ex-officio member: To act as a liaison between the steering committee and the OLA Board, and to assist the chair with the administrative responsibilities connected with the preparation of the business plan, finance, and communications.","[0, 0, 100, 20]",12,9.96,50,0,0.147,0.1,0.169811321,0,0,-20,0,1,0,0,1,0,0,0,1,1,1,0,0,0,0,0,1,0,0,0,1,0,0,1,Text/Paragraph,,,TRUE,FALSE
"3.6 It is anticipated that as planning for the ODL evolves, the Steering Committee may, at its discretion, call on invited experts to advise on issues as required.","[0, 0, 100, 20]",12,9.96,28,0,0.068,0.178571429,0.137931034,0,0,-20,0,1,0,0,1,0,0,0,1,1,1,0,1,0,0,0,1,0,0,0,1,0,0,0.999999495,Text/Paragraph,,,TRUE,FALSE
4. Appointment Criteria and Process,"[0, 0, 100, 20]",12,9.96,5,0,0.0155,0,0.6,0,0,0,0,1,1,0,1,0,0,0,1,1,1,0,0,0,0,0,1,0,0,0,1,1,0,0.574074558,Text/Paragraph,,,FALSE,TRUE
4.1 Groups and organizations named in Section 3 above are responsible for appointing up to two representatives to the Steering Committee.,"[0, 0, 100, 20]",12,9.96,21,0,0.0585,0.142857143,0.181818182,0,0,-20,0,1,0,0,1,0,0,0,1,1,1,0,1,0,0,0,1,0,0,0,1,0,0,0.999999875,Text/Paragraph,,,TRUE,FALSE
4.2 Desired characteristics for steering committee appointees include:,"[0, 0, 100, 20]",12,9.96,8,0,0.0315,0.25,0.111111111,1,0,0,0,1,1,0,1,0,0,0,1,1,1,1,0,0,0,0,1,0,0,0,1,0,0,0.60000383,Text/Paragraph,,,TRUE,FALSE
Strategic thinkers; Committed to the concept of multi-sector partnerships; Knowledgeable about digital libraries and resources; Knowledgeable about government structures; Respected by their communities; influential; Able to take a consultative approach; Able to devote time to Steering Committee business: approximately one day per month for meetings plus 2-3 working days per month on related activities .,"[0, 0, 100, 20]",12,9.96,55,0,0.176,0.074074074,0.160714286,0,0,-20,0,1,0,0,1,0,0,0,1,1,1,1,0,0,0,0,1,0,0,0,1,0,0,1,Text/Paragraph,,,TRUE,FALSE
5. Term,"[0, 0, 100, 20]",12,9.96,2,0,0.003,0,0.5,0,0,0,0,1,1,0,1,0,0,0,1,1,1,0,0,0,0,0,1,0,0,0,1,1,1,0.998052405,Title/Heading,,,TRUE,TRUE
Expected term on the Steering Committee is the time required to complete development of the business plan plus two months. This process is expected to take approximately 6 months.,"[0, 0, 100, 20]",12,9.96,29,0,0.0755,0.24137931,0.137931034,0,0,-20,0,1,0,0,1,0,0,0,1,1,1,0,1,0,0,0,1,0,0,0,1,0,0,1,Text/Paragraph,,,TRUE,FALSE
6. Chair,"[0, 0, 100, 20]",12,9.96,2,0,0.0035,0,0.5,0,0,0,0,1,1,0,1,0,0,0,1,1,1,0,0,0,0,0,1,0,0,0,1,1,1,0.742835501,Title/Heading,,,TRUE,TRUE
Chair will be appointed by the Board of the Ontario Library Association.,"[0, 0, 100, 20]",12,9.96,12,0,0.0305,0.166666667,0.416666667,0,0,0,0,1,1,0,1,0,0,0,1,1,1,1,0,0,0,0,1,0,0,0,1,0,0,0.994866774,Text/Paragraph,,,TRUE,FALSE
Role of the Chair:,"[0, 0, 100, 20]",12,9.96,4,0,0.0075,0,0.5,1,0,0,0,1,1,0,1,0,0,0,1,1,1,1,0,0,0,0,1,0,0,0,1,0,0,0.601593159,Text/Paragraph,,,TRUE,FALSE
In addition to the characteristics for appointees 4.2 the role of the chair will be as a process agent,"[0, 0, 100, 20]",12,9.96,19,0,0.042,0.052631579,0.05,0,0,0,0,1,1,0,1,0,0,0,1,1,1,0,0,0,0,0,1,0,0,0,1,0,0,0.999936585,Text/Paragraph,,,TRUE,FALSE
"working with the selected consultants, OLA, and the Steering Committee to prepare the business plan. The chair must be able to devote 5-8 days per month on activities related to the preparation of the business plan, and communications to stakeholders, funders, and government.","[0, 0, 100, 20]",12,9.96,43,0,0.117,0.139534884,0.090909091,0,0,-20,0,1,0,0,1,0,0,0,1,1,1,0,1,0,0,0,1,0,0,0,1,0,0,1,Text/Paragraph,,,TRUE,FALSE
7. Meetings,"[0, 0, 100, 20]",12,9.96,2,0,0.005,0,0.5,0,0,0,0,1,1,0,1,0,0,0,1,1,1,0,0,0,0,0,1,0,0,0,1,1,1,0.854054183,Title/Heading,,,TRUE,TRUE
"It is expected that in person meetings are held once per month and the majority of business will be conducted by e-mail, and teleconference.","[0, 0, 100, 20]",12,9.96,24,0,0.0585,0.25,0.04,0,0,-20,0,1,0,0,1,0,0,0,1,1,1,0,1,0,0,0,1,0,0,0,1,0,0,0.999998707,Text/Paragraph,,,TRUE,FALSE
8. Lines of Accountability and Communication,"[0, 0, 100, 20]",12,9.96,6,0,0.0195,0,0.5,0,0,0,0,1,1,0,1,0,0,0,1,1,1,0,0,0,0,0,1,0,0,0,1,1,0,0.691001374,Text/Paragraph,,,FALSE,TRUE
"8.1 The Steering Committee is accountable to the Province of Ontario, and to its business plan funders. 8.2 The role of the Ontario Library Association is to assume responsibility for funds contributed by the ODL funders to finance the business plan, to hold the funds in a separate account, and disperse them for purposes as directed by the Steering Committee. OLA will provide financial reports to the Steering Committee as requested and shall comply with all government reporting regulations for funds received. RFP: To Develop the Ontario Digital Library Business Plan March 2003 12","[0, 0, 100, 20]",12,9.66,94,0,0.2465,0.14893617,0.25,0,0,-20,0,1,0,2.4,0,0,0,0,1,1,1,0,1,0,0,0,1,0,0,0,1,0,0,1,Text/Paragraph,,,TRUE,FALSE
"8.3 The Steering Committee is accountable to its constituent groups and other stakeholders for ongoing communications and consultation on issues and progress. The Steering committee is responsible for strong liaison with government particularly the Chief Information Officer Community Services Cluster, ADM’s and Deputy Ministers.","[0, 0, 100, 20]",13,9.96,44,0,0.1435,0.065217391,0.304347826,0,0,-20,0,1,0,0,1,0,0,0,1,1,1,0,1,0,0,0,1,0,0,0,1,0,0,1,Text/Paragraph,,,TRUE,FALSE
9. Financial and Administrative Policies,"[0, 0, 100, 20]",13,9.96,5,0,0.018,0,0.6,0,0,0,0,1,1,0,1,0,0,0,1,1,1,0,0,0,0,0,1,0,0,0,1,1,0,0.59870046,Text/Paragraph,,,FALSE,TRUE
"9.1 Service on the Steering Committee is non-remunerative 9.2 Travel and meeting expenses for Steering Committee members are reimbursed according to the policies of the Ontario Library Association 9.3 Conflict of Interest: The ODL Steering Committee will function according to standard conflict of interest guidelines ensuring that members, their immediate family members, or their places of employment, will not benefit financially from the decisions the Steering Committee might make. As a first order of business, the Steering Committee will be expected to adopt a conflict of interest policy statement and procedural guidelines that will govern its work. RFP: To Develop the Ontario Digital Library Business Plan March 2003 13","[0, 0, 100, 20]",13,9.72,109,0,0.311,0.137614679,0.256637168,0,0,-20,0,1,0,2.4,0,0,0,0,1,1,1,0,0,0,0,0,1,0,0,0,1,0,0,1,Text/Paragraph,,,TRUE,FALSE
Appendix C: ODL’s Envisioned Electronic Resources,"[0, 0, 100, 20]",14,12,6,0,0.022,0,0.857142857,0,0,0,0,1,1,0,1,0,0,0,1,1,1,0,0,0,0,0,1,0,0,0,1,1,1,0.999925308,Title/Heading,,,TRUE,TRUE
"The purpose of the ODL is to provide equal access to information for all Ontario citizens through collaboration and resource sharing. ODL will be a portal - capable of customization as a home page for local libraries - to organized, comprehensive, authoritative and validated e-information resources to meet the needs of all Ontario citizens at all stages and in all aspects of their education, life and work. Some examples:","[0, 0, 100, 20]",14,9.96,69,0,0.178,0.074626866,0.088235294,1,0,-20,0,1,0,0,1,0,0,0,1,1,1,0,1,0,0,0,1,0,0,0,1,0,0,1,Text/Paragraph,,,TRUE,FALSE
1. Reference Resources,"[0, 0, 100, 20]",14,9.96,3,0,0.01,0,0.666666667,0,0,0,0,1,1,0,1,0,0,0,1,1,1,0,0,0,0,0,1,0,0,0,1,0,1,0.80858059,Title/Heading,,,FALSE,TRUE
"directories: companies, associations, organizations, governments, educational institutions, etc. etc. almanacs, country information dictionaries, thesauri, encyclopedias consumer information phone books, travel guides, entertainment guides weather information media/newspapers leisure time, recreational activity guides indexing and abstracting services currency converters, virtual reference services vocational/career information internet search engines current awareness services","[0, 0, 100, 20]",14,9.96,48,0,0.2175,0.020833333,0,0,0,-20,0,1,0,0,1,0,0,0,1,1,1,1,1,0,0,0,1,0,0,0,1,0,0,1,Text/Paragraph,,,TRUE,FALSE
2. Subject Guides,"[0, 0, 100, 20]",14,9.96,3,0,0.0075,0,0.666666667,0,0,0,0,1,1,0,1,0,0,0,1,1,1,0,0,0,0,0,1,0,0,0,1,0,1,0.530874656,Title/Heading,,,FALSE,TRUE
"arts and humanities business and economics education recreation and sports entertainment - games, activities for kids health information science and technology social sciences society and culture","[0, 0, 100, 20]",14,9.96,26,0,0.085,0,0,0,0,-20,0,1,0,0,1,0,0,0,1,1,1,0,1,0,0,0,1,0,0,0,1,0,0,0.99999822,Text/Paragraph,,,TRUE,FALSE
3. Educational tool-kits,"[0, 0, 100, 20]",14,9.96,3,0,0.011,0,0.25,0,0,0,0,1,1,0,1,0,0,0,1,1,1,0,0,0,0,0,1,0,0,0,1,0,1,0.887275266,Title/Heading,,,FALSE,TRUE
"guides to information gathering methodologies, information literacy study guides study skill development web-based curricula internet search guides","[0, 0, 100, 20]",14,9.96,17,0,0.0655,0.058823529,0,0,0,-20,0,1,0,0,1,0,0,0,1,1,1,0,1,0,0,0,1,0,0,0,1,0,0,0.999986435,Text/Paragraph,,,TRUE,FALSE
"4. Journals, books, maps, music etc.","[0, 0, 100, 20]",14,9.96,6,0,0.0155,0,0.166666667,0,0,0,0,1,1,0,1,0,0,0,1,1,1,1,0,0,0,0,1,0,0,0,1,0,0,0.793273871,Text/Paragraph,,,TRUE,FALSE
RFP: To Develop the Ontario Digital Library Business Plan March 2003 14,"[0, 0, 100, 20]",14,7.56,12,0,0.03,0.083333333,0.75,0,0,0,0,1,1,0,1,0,0,0,1,1,1,0,0,0,0,0,1,0,0,0,1,0,0,1,Text/Paragraph,,,TRUE,FALSE
