text_a,span_text_a,text_b,span_text_b,normalized_vertical_gap,indentation_change,same_alignment,is_centered_A,is_centered_B,font_size_a,font_size_b,font_size_diff,same_font,is_bold_A,is_bold_B,is_italic_A,is_italic_B,is_monospace_A,is_monospace_B,same_bold,same_italic,same_monospace,line_a_ends_punctuation,line_b_starts_lowercase,is_linea_in_rectangle,is_lineb_in_rectangle,both_in_table,neither_in_table,is_linea_hashed,is_lineb_hashed,both_hashed,neither_hashed,label
A Culinary Journey Through the South of France,A Culinary Journey Through the South of France,Introduction,Introduction,4.43,0,1,0,0,12,12,0,1,1,1,0,0,0,0,1,1,1,0,0,0,0,0,1,0,0,0,1,0
Introduction,Introduction,"The South of France, known for its stunning landscapes and charming villages, is also a","The South of France, known for its stunning landscapes and charming villages, is also a",4.4,0,1,0,1,12,12,0,0,1,0,0,0,0,0,0,1,1,0,0,0,0,0,1,0,0,0,1,0
"The South of France, known for its stunning landscapes and charming villages, is also a","The South of France, known for its stunning landscapes and charming villages, is also a","paradise for food lovers. The region's cuisine is a delightful blend of Mediterranean flavors,","paradise for food lovers. The region's cuisine is a delightful blend of Mediterranean flavors,",1,0,1,1,1,12,12,0,1,0,0,0,0,0,0,1,1,1,0,1,0,0,0,1,0,0,0,1,1
"paradise for food lovers. The region's cuisine is a delightful blend of Mediterranean flavors,","paradise for food lovers. The region's cuisine is a delightful blend of Mediterranean flavors,","fresh ingredients, and traditional recipes passed down through generations. This guide will","fresh ingredients, and traditional recipes passed down through generations. This guide will",1,0,1,1,1,12,12,0,1,0,0,0,0,0,0,1,1,1,0,1,0,0,0,1,0,0,0,1,1
"fresh ingredients, and traditional recipes passed down through generations. This guide will","fresh ingredients, and traditional recipes passed down through generations. This guide will","take you through the different types of food, famous dishes, must-visit restaurants, renowned","take you through the diﬀerent types of food, famous dishes, must-visit restaurants, renowned",1,0,1,1,1,12,12,0,1,0,0,0,0,0,0,1,1,1,0,1,0,0,0,1,0,0,0,1,1
"take you through the different types of food, famous dishes, must-visit restaurants, renowned","take you through the diﬀerent types of food, famous dishes, must-visit restaurants, renowned","wine regions, and the types of wines they produce to help you plan an unforgettable culinary","wine regions, and the types of wines they produce to help you plan an unforgettable culinary",1,0,1,1,1,12,12,0,1,0,0,0,0,0,0,1,1,1,0,1,0,0,0,1,0,0,0,1,1
"wine regions, and the types of wines they produce to help you plan an unforgettable culinary","wine regions, and the types of wines they produce to help you plan an unforgettable culinary",adventure.,adventure.,1,0,1,1,0,12,12,0,1,0,0,0,0,0,0,1,1,1,0,1,0,0,0,1,0,0,0,1,1
Types of Food,Types of Food,"The cuisine in the South of France is diverse, reflecting the region's rich history and cultural","The cuisine in the South of France is diverse, reflecting the region's rich history and cultural",4.43,0,1,0,1,12,12,0,0,1,0,0,0,0,0,0,1,1,0,0,0,0,0,1,0,0,0,1,0
"The cuisine in the South of France is diverse, reflecting the region's rich history and cultural","The cuisine in the South of France is diverse, reflecting the region's rich history and cultural",influences. Here are some key types of food you can expect to find:,influences. Here are some key types of food you can expect to find:,1,0,1,1,0,12,12,0,1,0,0,0,0,0,0,1,1,1,0,1,0,0,0,1,0,0,0,1,1
influences. Here are some key types of food you can expect to find:,influences. Here are some key types of food you can expect to find:,"Seafood: With its extensive coastline, the South of France offers an abundance of fresh","Seafood: With its extensive coastline, the South of France oﬀers an abundance of fresh",4.41,36,0,0,1,12,12,0,1,0,0,0,0,0,0,1,1,1,1,0,0,0,0,1,0,0,0,1,0
"Seafood: With its extensive coastline, the South of France offers an abundance of fresh","Seafood: With its extensive coastline, the South of France oﬀers an abundance of fresh","seafood. Look for dishes featuring fish, shellfish, and crustaceans, often prepared with","seafood. Look for dishes featuring fish, shellfish, and crustaceans, often prepared with",1,0,1,1,1,12,12,0,1,0,0,0,0,0,0,1,1,1,0,1,0,0,0,1,0,0,0,1,1
"seafood. Look for dishes featuring fish, shellfish, and crustaceans, often prepared with","seafood. Look for dishes featuring fish, shellfish, and crustaceans, often prepared with","Mediterranean herbs and olive oil. Popular seafood dishes include grilled sardines, sea","Mediterranean herbs and olive oil. Popular seafood dishes include grilled sardines, sea",1,0,1,1,1,12,12,0,1,0,0,0,0,0,0,1,1,1,0,0,0,0,0,1,0,0,0,1,1
"Mediterranean herbs and olive oil. Popular seafood dishes include grilled sardines, sea","Mediterranean herbs and olive oil. Popular seafood dishes include grilled sardines, sea","bass, and mussels marinière. The region's proximity to the Mediterranean Sea ensures","bass, and mussels marinière. The region's proximity to the Mediterranean Sea ensures",1,0,1,1,1,12,12,0,1,0,0,0,0,0,0,1,1,1,0,1,0,0,0,1,0,0,0,1,1
"bass, and mussels marinière. The region's proximity to the Mediterranean Sea ensures","bass, and mussels marinière. The region's proximity to the Mediterranean Sea ensures",that the seafood is always fresh and flavorful.,that the seafood is always fresh and flavorful.,1,0,1,1,0,12,12,0,1,0,0,0,0,0,0,1,1,1,0,1,0,0,0,1,0,0,0,1,1
that the seafood is always fresh and flavorful.,that the seafood is always fresh and flavorful.,"Provençal Cuisine: This style of cooking emphasizes fresh vegetables, herbs, and olive","Provençal Cuisine: This style of cooking emphasizes fresh vegetables, herbs, and olive",4.41,0,1,0,1,12,12,0,1,0,0,0,0,0,0,1,1,1,1,0,0,0,0,1,0,0,0,1,0
"Provençal Cuisine: This style of cooking emphasizes fresh vegetables, herbs, and olive","Provençal Cuisine: This style of cooking emphasizes fresh vegetables, herbs, and olive","oil. Ratatouille, a vegetable stew, and bouillabaisse, a fish soup, are quintessential","oil. Ratatouille, a vegetable stew, and bouillabaisse, a fish soup, are quintessential",1,0,1,1,1,12,12,0,1,0,0,0,0,0,0,1,1,1,0,1,0,0,0,1,0,0,0,1,1
"oil. Ratatouille, a vegetable stew, and bouillabaisse, a fish soup, are quintessential","oil. Ratatouille, a vegetable stew, and bouillabaisse, a fish soup, are quintessential","Provençal dishes. Provençal cuisine also includes dishes like tapenade, a spread made","Provençal dishes. Provençal cuisine also includes dishes like tapenade, a spread made",1,0,1,1,1,12,12,0,1,0,0,0,0,0,0,1,1,1,0,0,0,0,0,1,0,0,0,1,1
"Provençal dishes. Provençal cuisine also includes dishes like tapenade, a spread made","Provençal dishes. Provençal cuisine also includes dishes like tapenade, a spread made","from olives, capers, and anchovies, and pissaladière, a savory tart topped with","from olives, capers, and anchovies, and pissaladière, a savory tart topped with",1,0,1,1,1,12,12,0,1,0,0,0,0,0,0,1,1,1,0,1,0,0,0,1,0,0,0,1,1
"from olives, capers, and anchovies, and pissaladière, a savory tart topped with","from olives, capers, and anchovies, and pissaladière, a savory tart topped with","caramelized onions, olives, and anchovies.","caramelized onions, olives, and anchovies.",1,0,1,1,0,12,12,0,1,0,0,0,0,0,0,1,1,1,0,1,0,0,0,1,0,0,0,1,1
"caramelized onions, olives, and anchovies.","caramelized onions, olives, and anchovies.","Niçoise Cuisine: Originating from Nice, this cuisine includes dishes like Salade Niçoise,","Niçoise Cuisine: Originating from Nice, this cuisine includes dishes like Salade Niçoise,",4.41,0,1,0,1,12,12,0,1,0,0,0,0,0,0,1,1,1,1,0,0,0,0,1,0,0,0,1,0
"Niçoise Cuisine: Originating from Nice, this cuisine includes dishes like Salade Niçoise,","Niçoise Cuisine: Originating from Nice, this cuisine includes dishes like Salade Niçoise,","a salad with tuna, olives, and anchovies, and Socca, a chickpea flour pancake. Other","a salad with tuna, olives, and anchovies, and Socca, a chickpea flour pancake. Other",1,0,1,1,1,12,12,0,1,0,0,0,0,0,0,1,1,1,0,1,0,0,0,1,0,0,0,1,1
"a salad with tuna, olives, and anchovies, and Socca, a chickpea flour pancake. Other","a salad with tuna, olives, and anchovies, and Socca, a chickpea flour pancake. Other","Niçoise specialties include pan bagnat, a sandwich made with tuna, vegetables, and","Niçoise specialties include pan bagnat, a sandwich made with tuna, vegetables, and",1,0,1,1,1,12,12,0,1,0,0,0,0,0,0,1,1,1,0,0,0,0,0,1,0,0,0,1,1
"Niçoise specialties include pan bagnat, a sandwich made with tuna, vegetables, and","Niçoise specialties include pan bagnat, a sandwich made with tuna, vegetables, and","olive oil, and daube, a slow-cooked beef stew with red wine and vegetables.","olive oil, and daube, a slow-cooked beef stew with red wine and vegetables.",1,0,1,1,1,12,12,0,1,0,0,0,0,0,0,1,1,1,0,1,0,0,0,1,0,0,0,1,1
"olive oil, and daube, a slow-cooked beef stew with red wine and vegetables.","olive oil, and daube, a slow-cooked beef stew with red wine and vegetables.","Occitan Cuisine: This cuisine features hearty dishes like cassoulet, a slow-cooked","Occitan Cuisine: This cuisine features hearty dishes like cassoulet, a slow-cooked",4.41,0,1,1,1,12,12,0,1,0,0,0,0,0,0,1,1,1,1,0,0,0,0,1,0,0,0,1,0
"Occitan Cuisine: This cuisine features hearty dishes like cassoulet, a slow-cooked","Occitan Cuisine: This cuisine features hearty dishes like cassoulet, a slow-cooked","casserole with beans, sausage, and duck, and aligot, a cheesy mashed potato dish.","casserole with beans, sausage, and duck, and aligot, a cheesy mashed potato dish.",1,0,1,1,1,12,12,0,1,0,0,0,0,0,0,1,1,1,0,1,0,0,0,1,0,0,0,1,1
"casserole with beans, sausage, and duck, and aligot, a cheesy mashed potato dish.","casserole with beans, sausage, and duck, and aligot, a cheesy mashed potato dish.","Occitan cuisine also includes dishes like garbure, a thick soup made with cabbage,","Occitan cuisine also includes dishes like garbure, a thick soup made with cabbage,",1,0,1,1,1,12,12,0,1,0,0,0,0,0,0,1,1,1,1,0,0,0,0,1,0,0,0,1,1
"Occitan cuisine also includes dishes like garbure, a thick soup made with cabbage,","Occitan cuisine also includes dishes like garbure, a thick soup made with cabbage,","beans, and confit de canard duck confit, and brandade de morue, a creamy salt cod","beans, and confit de canard (duck confit), and brandade de morue, a creamy salt cod",1,0,1,1,1,12,12,0,1,0,0,0,0,0,0,1,1,1,0,1,0,0,0,1,0,0,0,1,1
"beans, and confit de canard duck confit, and brandade de morue, a creamy salt cod","beans, and confit de canard (duck confit), and brandade de morue, a creamy salt cod",spread.,spread.,1,0,1,1,0,12,12,0,1,0,0,0,0,0,0,1,1,1,0,1,0,0,0,1,0,0,0,1,1
spread.,spread.,"Basque Cuisine: Influenced by neighboring Spain, Basque cuisine includes dishes like","Basque Cuisine: Influenced by neighboring Spain, Basque cuisine includes dishes like",4.41,0,1,0,1,12,12,0,1,0,0,0,0,0,0,1,1,1,1,0,0,0,0,1,0,0,0,1,0
"Basque Cuisine: Influenced by neighboring Spain, Basque cuisine includes dishes like","Basque Cuisine: Influenced by neighboring Spain, Basque cuisine includes dishes like","piperade, a pepper and tomato stew, and axoa, a veal stew with peppers. Basque","piperade, a pepper and tomato stew, and axoa, a veal stew with peppers. Basque",1,0,1,1,1,12,12,0,1,0,0,0,0,0,0,1,1,1,0,1,0,0,0,1,0,0,0,1,1
"piperade, a pepper and tomato stew, and axoa, a veal stew with peppers. Basque","piperade, a pepper and tomato stew, and axoa, a veal stew with peppers. Basque","cuisine is also known for its pintxos, small snacks typically served in bars, and gâteau","cuisine is also known for its pintxos, small snacks typically served in bars, and gâteau",1,0,1,1,1,12,12,0,1,0,0,0,0,0,0,1,1,1,0,1,0,0,0,1,0,0,0,1,1
"cuisine is also known for its pintxos, small snacks typically served in bars, and gâteau","cuisine is also known for its pintxos, small snacks typically served in bars, and gâteau","Basque, a traditional Basque cake filled with pastry cream or cherry jam.","Basque, a traditional Basque cake filled with pastry cream or cherry jam.",1,0,1,1,1,12,12,0,1,0,0,0,0,0,0,1,1,1,0,0,0,0,0,1,0,0,0,1,1
Famous Dishes,Famous Dishes,The South of France is home to many iconic dishes that you must try during your visit:,The South of France is home to many iconic dishes that you must try during your visit:,4.43,0,1,0,1,12,12,0,0,1,0,0,0,0,0,0,1,1,0,0,0,0,0,1,0,0,0,1,0
The South of France is home to many iconic dishes that you must try during your visit:,The South of France is home to many iconic dishes that you must try during your visit:,"Bouillabaisse: A traditional fish stew from Marseille, made with various types of fish,","Bouillabaisse: A traditional fish stew from Marseille, made with various types of fish,",4.41,36,0,1,1,12,12,0,1,0,0,0,0,0,0,1,1,1,1,0,0,0,0,1,0,0,0,1,0
"Bouillabaisse: A traditional fish stew from Marseille, made with various types of fish,","Bouillabaisse: A traditional fish stew from Marseille, made with various types of fish,","shellfish, and a flavorful broth seasoned with saffron and herbs. Bouillabaisse is","shellfish, and a flavorful broth seasoned with saﬀron and herbs. Bouillabaisse is",1,0,1,1,1,12,12,0,1,0,0,0,0,0,0,1,1,1,0,1,0,0,0,1,0,0,0,1,1
"shellfish, and a flavorful broth seasoned with saffron and herbs. Bouillabaisse is","shellfish, and a flavorful broth seasoned with saﬀron and herbs. Bouillabaisse is","typically served with rouille, a garlicky mayonnaise, and crusty bread. The dish is a","typically served with rouille, a garlicky mayonnaise, and crusty bread. The dish is a",1,0,1,1,1,12,12,0,1,0,0,0,0,0,0,1,1,1,0,1,0,0,0,1,0,0,0,1,1
"typically served with rouille, a garlicky mayonnaise, and crusty bread. The dish is a","typically served with rouille, a garlicky mayonnaise, and crusty bread. The dish is a",celebration of the sea and is best enjoyed in a seaside restaurant with a view of the,celebration of the sea and is best enjoyed in a seaside restaurant with a view of the,1,0,1,1,1,12,12,0,1,0,0,0,0,0,0,1,1,1,0,1,0,0,0,1,0,0,0,1,1
celebration of the sea and is best enjoyed in a seaside restaurant with a view of the,celebration of the sea and is best enjoyed in a seaside restaurant with a view of the,Mediterranean.,Mediterranean.,1,0,1,1,0,12,12,0,1,0,0,0,0,0,0,1,1,1,0,0,0,0,0,1,0,0,0,1,1
Mediterranean.,Mediterranean.,"Ratatouille: A vegetable stew made with eggplant, zucchini, bell peppers, tomatoes,","Ratatouille: A vegetable stew made with eggplant, zucchini, bell peppers, tomatoes,",4.41,0,1,0,1,12,12,0,1,0,0,0,0,0,0,1,1,1,1,0,0,0,0,1,0,0,0,1,0
"Ratatouille: A vegetable stew made with eggplant, zucchini, bell peppers, tomatoes,","Ratatouille: A vegetable stew made with eggplant, zucchini, bell peppers, tomatoes,","and onions, seasoned with herbs de Provence. Ratatouille can be served as a main","and onions, seasoned with herbs de Provence. Ratatouille can be served as a main",1,0,1,1,1,12,12,0,1,0,0,0,0,0,0,1,1,1,0,1,0,0,0,1,0,0,0,1,1
"and onions, seasoned with herbs de Provence. Ratatouille can be served as a main","and onions, seasoned with herbs de Provence. Ratatouille can be served as a main","dish or as a side, and it pairs beautifully with grilled meats or fish. The dish is a","dish or as a side, and it pairs beautifully with grilled meats or fish. The dish is a",1,0,1,1,1,12,12,0,1,0,0,0,0,0,0,1,1,1,0,1,0,0,0,1,0,0,0,1,1
"dish or as a side, and it pairs beautifully with grilled meats or fish. The dish is a","dish or as a side, and it pairs beautifully with grilled meats or fish. The dish is a","testament to the region's love for fresh, seasonal produce.","testament to the region's love for fresh, seasonal produce.",1,0,1,1,1,12,12,0,1,0,0,0,0,0,0,1,1,1,0,1,0,0,0,1,0,0,0,1,1
"testament to the region's love for fresh, seasonal produce.","testament to the region's love for fresh, seasonal produce.","Salade Niçoise: A refreshing salad with tuna, hard-boiled eggs, tomatoes, green beans,","Salade Niçoise: A refreshing salad with tuna, hard-boiled eggs, tomatoes, green beans,",4.41,0,1,1,1,12,12,0,1,0,0,0,0,0,0,1,1,1,1,0,0,0,0,1,0,0,0,1,0
"Salade Niçoise: A refreshing salad with tuna, hard-boiled eggs, tomatoes, green beans,","Salade Niçoise: A refreshing salad with tuna, hard-boiled eggs, tomatoes, green beans,","olives, and anchovies, dressed with olive oil and vinegar. Salade Niçoise is a perfect","olives, and anchovies, dressed with olive oil and vinegar. Salade Niçoise is a perfect",1,0,1,1,1,12,12,0,1,0,0,0,0,0,0,1,1,1,0,1,0,0,0,1,0,0,0,1,1
"olives, and anchovies, dressed with olive oil and vinegar. Salade Niçoise is a perfect","olives, and anchovies, dressed with olive oil and vinegar. Salade Niçoise is a perfect","example of the Mediterranean diet, which emphasizes fresh vegetables, lean proteins,","example of the Mediterranean diet, which emphasizes fresh vegetables, lean proteins,",1,0,1,1,1,12,12,0,1,0,0,0,0,0,0,1,1,1,0,1,0,0,0,1,0,0,0,1,1
"example of the Mediterranean diet, which emphasizes fresh vegetables, lean proteins,","example of the Mediterranean diet, which emphasizes fresh vegetables, lean proteins,",and healthy fats. It's a light yet satisfying dish that is perfect for a warm summer day.,and healthy fats. It's a light yet satisfying dish that is perfect for a warm summer day.,1,0,1,1,1,12,12,0,1,0,0,0,0,0,0,1,1,1,0,1,0,0,0,1,0,0,0,1,1
and healthy fats. It's a light yet satisfying dish that is perfect for a warm summer day.,and healthy fats. It's a light yet satisfying dish that is perfect for a warm summer day.,"Socca: A thin, crispy pancake made from chickpea flour, olive oil, and water, typically","Socca: A thin, crispy pancake made from chickpea flour, olive oil, and water, typically",4.41,0,1,1,1,12,12,0,1,0,0,0,0,0,0,1,1,1,1,0,0,0,0,1,0,0,0,1,0
"Socca: A thin, crispy pancake made from chickpea flour, olive oil, and water, typically","Socca: A thin, crispy pancake made from chickpea flour, olive oil, and water, typically",enjoyed as a street food in Nice. Socca is cooked in a wood-fired oven and is best,enjoyed as a street food in Nice. Socca is cooked in a wood-fired oven and is best,1,0,1,1,1,12,12,0,1,0,0,0,0,0,0,1,1,1,0,1,0,0,0,1,0,0,0,1,1
enjoyed as a street food in Nice. Socca is cooked in a wood-fired oven and is best,enjoyed as a street food in Nice. Socca is cooked in a wood-fired oven and is best,"eaten hot, straight from the oven. It's a simple yet delicious snack that showcases the","eaten hot, straight from the oven. It's a simple yet delicious snack that showcases the",1,0,1,1,1,12,12,0,1,0,0,0,0,0,0,1,1,1,0,1,0,0,0,1,0,0,0,1,1
"eaten hot, straight from the oven. It's a simple yet delicious snack that showcases the","eaten hot, straight from the oven. It's a simple yet delicious snack that showcases the","region's love for humble, rustic dishes.","region's love for humble, rustic dishes.",1,0,1,1,0,12,12,0,1,0,0,0,0,0,0,1,1,1,0,1,0,0,0,1,0,0,0,1,1
"region's love for humble, rustic dishes.","region's love for humble, rustic dishes.","Cassoulet: A hearty casserole from the Languedoc region, made with white beans,","Cassoulet: A hearty casserole from the Languedoc region, made with white beans,",4.41,0,1,0,1,12,12,0,1,0,0,0,0,0,0,1,1,1,1,0,0,0,0,1,0,0,0,1,0
"Cassoulet: A hearty casserole from the Languedoc region, made with white beans,","Cassoulet: A hearty casserole from the Languedoc region, made with white beans,","sausage, and duck or pork. Cassoulet is a labor of love, requiring hours of slow","sausage, and duck or pork. Cassoulet is a labor of love, requiring hours of slow",1,0,1,1,1,12,12,0,1,0,0,0,0,0,0,1,1,1,0,1,0,0,0,1,0,0,0,1,1
"sausage, and duck or pork. Cassoulet is a labor of love, requiring hours of slow","sausage, and duck or pork. Cassoulet is a labor of love, requiring hours of slow","cooking to develop its rich, complex flavors. The dish is a comforting and satisfying","cooking to develop its rich, complex flavors. The dish is a comforting and satisfying",1,0,1,1,1,12,12,0,1,0,0,0,0,0,0,1,1,1,0,1,0,0,0,1,0,0,0,1,1
"cooking to develop its rich, complex flavors. The dish is a comforting and satisfying","cooking to develop its rich, complex flavors. The dish is a comforting and satisfying",meal that is perfect for a chilly evening.,meal that is perfect for a chilly evening.,1,0,1,1,0,12,12,0,1,0,0,0,0,0,0,1,1,1,0,1,0,0,0,1,0,0,0,1,1
meal that is perfect for a chilly evening.,meal that is perfect for a chilly evening.,"Tarte Tropézienne: A dessert from Saint-Tropez, consisting of a brioche filled with a","Tarte Tropézienne: A dessert from Saint-Tropez, consisting of a brioche filled with a",4.44,0,1,0,1,12,12,0,1,0,0,0,0,0,0,1,1,1,1,0,0,0,0,1,0,0,0,1,0
"Tarte Tropézienne: A dessert from Saint-Tropez, consisting of a brioche filled with a","Tarte Tropézienne: A dessert from Saint-Tropez, consisting of a brioche filled with a",creamy mixture of pastry cream and butter. Tarte Tropézienne is a sweet treat that is,creamy mixture of pastry cream and butter. Tarte Tropézienne is a sweet treat that is,1,0,1,1,1,12,12,0,1,0,0,0,0,0,0,1,1,1,0,1,0,0,0,1,0,0,0,1,1
creamy mixture of pastry cream and butter. Tarte Tropézienne is a sweet treat that is,creamy mixture of pastry cream and butter. Tarte Tropézienne is a sweet treat that is,perfect for a special occasion or as an indulgent afternoon snack. The dessert was,perfect for a special occasion or as an indulgent afternoon snack. The dessert was,1,0,1,1,1,12,12,0,1,0,0,0,0,0,0,1,1,1,0,1,0,0,0,1,0,0,0,1,1
perfect for a special occasion or as an indulgent afternoon snack. The dessert was,perfect for a special occasion or as an indulgent afternoon snack. The dessert was,created by a Polish baker in the 1950s and quickly became a favorite among locals and,created by a Polish baker in the 1950s and quickly became a favorite among locals and,0.97,0,1,1,1,12,12,0,1,0,0,0,0,0,0,1,1,1,0,1,0,0,0,1,0,0,0,1,1
created by a Polish baker in the 1950s and quickly became a favorite among locals and,created by a Polish baker in the 1950s and quickly became a favorite among locals and,tourists alike.,tourists alike.,1,0,1,1,0,12,12,0,1,0,0,0,0,0,0,1,1,1,0,1,0,0,0,1,0,0,0,1,1
Must-Visit Restaurants,Must-Visit Restaurants,"To truly experience the culinary delights of the South of France, here are some restaurants","To truly experience the culinary delights of the South of France, here are some restaurants",4.43,0,1,0,1,12,12,0,0,1,0,0,0,0,0,0,1,1,0,0,0,0,0,1,0,0,0,1,0
"To truly experience the culinary delights of the South of France, here are some restaurants","To truly experience the culinary delights of the South of France, here are some restaurants",you should consider visiting:,you should consider visiting:,1,0,1,1,0,12,12,0,1,0,0,0,0,0,0,1,1,1,0,1,0,0,0,1,0,0,0,1,1
you should consider visiting:,you should consider visiting:,Le Petit Nice Passedat Marseille: A three-Michelin-starred restaurant offering,Le Petit Nice Passedat (Marseille): A three-Michelin-starred restaurant oﬀering,4.41,36,0,0,1,12,12,0,1,0,0,0,0,0,0,1,1,1,1,0,0,0,0,1,0,0,0,1,0
Le Petit Nice Passedat Marseille: A three-Michelin-starred restaurant offering,Le Petit Nice Passedat (Marseille): A three-Michelin-starred restaurant oﬀering,exquisite seafood dishes and stunning views of the Mediterranean. Chef Gérald,exquisite seafood dishes and stunning views of the Mediterranean. Chef Gérald,1,0,1,1,1,12,12,0,1,0,0,0,0,0,0,1,1,1,0,1,0,0,0,1,0,0,0,1,1
exquisite seafood dishes and stunning views of the Mediterranean. Chef Gérald,exquisite seafood dishes and stunning views of the Mediterranean. Chef Gérald,"Passedat is known for his innovative approach to seafood, creating dishes that are","Passedat is known for his innovative approach to seafood, creating dishes that are",1,0,1,1,1,12,12,0,1,0,0,0,0,0,0,1,1,1,0,0,0,0,0,1,0,0,0,1,1
"Passedat is known for his innovative approach to seafood, creating dishes that are","Passedat is known for his innovative approach to seafood, creating dishes that are",both visually stunning and incredibly flavorful. The restaurant's location on the cliffs,both visually stunning and incredibly flavorful. The restaurant's location on the cliﬀs,1,0,1,1,1,12,12,0,1,0,0,0,0,0,0,1,1,1,0,1,0,0,0,1,0,0,0,1,1
both visually stunning and incredibly flavorful. The restaurant's location on the cliffs,both visually stunning and incredibly flavorful. The restaurant's location on the cliﬀs,overlooking the sea adds to the overall dining experience.,overlooking the sea adds to the overall dining experience.,1,0,1,1,1,12,12,0,1,0,0,0,0,0,0,1,1,1,0,1,0,0,0,1,0,0,0,1,1
overlooking the sea adds to the overall dining experience.,overlooking the sea adds to the overall dining experience.,"La Chèvre d'Or Èze: Located in a medieval village, this two-Michelin-starred","La Chèvre d'Or (Èze): Located in a medieval village, this two-Michelin-starred",4.41,0,1,1,1,12,12,0,1,0,0,0,0,0,0,1,1,1,1,0,0,0,0,1,0,0,0,1,0
"La Chèvre d'Or Èze: Located in a medieval village, this two-Michelin-starred","La Chèvre d'Or (Èze): Located in a medieval village, this two-Michelin-starred",restaurant serves refined Provençal cuisine with breathtaking views of the French,restaurant serves refined Provençal cuisine with breathtaking views of the French,1,0,1,1,1,12,12,0,1,0,0,0,0,0,0,1,1,1,0,1,0,0,0,1,0,0,0,1,1
restaurant serves refined Provençal cuisine with breathtaking views of the French,restaurant serves refined Provençal cuisine with breathtaking views of the French,"Riviera. The restaurant's terrace offers panoramic views of the Mediterranean, making","Riviera. The restaurant's terrace oﬀers panoramic views of the Mediterranean, making",1,0,1,1,1,12,12,0,1,0,0,0,0,0,0,1,1,1,0,0,0,0,0,1,0,0,0,1,1
"Riviera. The restaurant's terrace offers panoramic views of the Mediterranean, making","Riviera. The restaurant's terrace oﬀers panoramic views of the Mediterranean, making",it the perfect spot for a romantic dinner. The menu features dishes that highlight the,it the perfect spot for a romantic dinner. The menu features dishes that highlight the,1,0,1,1,1,12,12,0,1,0,0,0,0,0,0,1,1,1,0,1,0,0,0,1,0,0,0,1,1
it the perfect spot for a romantic dinner. The menu features dishes that highlight the,it the perfect spot for a romantic dinner. The menu features dishes that highlight the,"region's fresh, seasonal ingredients.","region's fresh, seasonal ingredients.",1,0,1,1,0,12,12,0,1,0,0,0,0,0,0,1,1,1,0,1,0,0,0,1,0,0,0,1,1
"region's fresh, seasonal ingredients.","region's fresh, seasonal ingredients.","Le Mirazur Menton: Ranked among the world's best restaurants, Le Mirazur offers a","Le Mirazur (Menton): Ranked among the world's best restaurants, Le Mirazur oﬀers a",4.41,0,1,0,1,12,12,0,1,0,0,0,0,0,0,1,1,1,1,0,0,0,0,1,0,0,0,1,0
"Le Mirazur Menton: Ranked among the world's best restaurants, Le Mirazur offers a","Le Mirazur (Menton): Ranked among the world's best restaurants, Le Mirazur oﬀers a","unique dining experience with a focus on fresh, local ingredients and innovative","unique dining experience with a focus on fresh, local ingredients and innovative",1,0,1,1,1,12,12,0,1,0,0,0,0,0,0,1,1,1,0,1,0,0,0,1,0,0,0,1,1
"unique dining experience with a focus on fresh, local ingredients and innovative","unique dining experience with a focus on fresh, local ingredients and innovative","dishes. Chef Mauro Colagreco's cuisine is inspired by the surrounding landscape, with","dishes. Chef Mauro Colagreco's cuisine is inspired by the surrounding landscape, with",1,0,1,1,1,12,12,0,1,0,0,0,0,0,0,1,1,1,0,1,0,0,0,1,0,0,0,1,1
"dishes. Chef Mauro Colagreco's cuisine is inspired by the surrounding landscape, with","dishes. Chef Mauro Colagreco's cuisine is inspired by the surrounding landscape, with",many ingredients sourced from the restaurant's own gardens. The menu changes with,many ingredients sourced from the restaurant's own gardens. The menu changes with,1,0,1,1,1,12,12,0,1,0,0,0,0,0,0,1,1,1,0,1,0,0,0,1,0,0,0,1,1
many ingredients sourced from the restaurant's own gardens. The menu changes with,many ingredients sourced from the restaurant's own gardens. The menu changes with,"the seasons, ensuring that each visit is a new and exciting experience.","the seasons, ensuring that each visit is a new and exciting experience.",1,0,1,1,1,12,12,0,1,0,0,0,0,0,0,1,1,1,0,1,0,0,0,1,0,0,0,1,1
"the seasons, ensuring that each visit is a new and exciting experience.","the seasons, ensuring that each visit is a new and exciting experience.","Chez Pipo Nice: A local favorite for Socca, this casual eatery is perfect for a quick and","Chez Pipo (Nice): A local favorite for Socca, this casual eatery is perfect for a quick and",4.41,0,1,1,1,12,12,0,1,0,0,0,0,0,0,1,1,1,1,0,0,0,0,1,0,0,0,1,0
"Chez Pipo Nice: A local favorite for Socca, this casual eatery is perfect for a quick and","Chez Pipo (Nice): A local favorite for Socca, this casual eatery is perfect for a quick and",delicious snack. Chez Pipo has been serving Socca since 1923 and is a beloved,delicious snack. Chez Pipo has been serving Socca since 1923 and is a beloved,1,0,1,1,1,12,12,0,1,0,0,0,0,0,0,1,1,1,0,1,0,0,0,1,0,0,0,1,1
delicious snack. Chez Pipo has been serving Socca since 1923 and is a beloved,delicious snack. Chez Pipo has been serving Socca since 1923 and is a beloved,"institution in Nice. The restaurant's simple, no-frills approach allows the quality of the","institution in Nice. The restaurant's simple, no-frills approach allows the quality of the",1,0,1,1,1,12,12,0,1,0,0,0,0,0,0,1,1,1,0,1,0,0,0,1,0,0,0,1,1
"institution in Nice. The restaurant's simple, no-frills approach allows the quality of the","institution in Nice. The restaurant's simple, no-frills approach allows the quality of the",Socca to shine through.,Socca to shine through.,1,0,1,1,0,12,12,0,1,0,0,0,0,0,0,1,1,1,0,0,0,0,0,1,0,0,0,1,1
Socca to shine through.,Socca to shine through.,L'Atelier de Jean-Luc Rabanel Arles: A Michelin-starred restaurant known for its,L'Atelier de Jean-Luc Rabanel (Arles): A Michelin-starred restaurant known for its,4.41,0,1,0,1,12,12,0,1,0,0,0,0,0,0,1,1,1,1,0,0,0,0,1,0,0,0,1,0
L'Atelier de Jean-Luc Rabanel Arles: A Michelin-starred restaurant known for its,L'Atelier de Jean-Luc Rabanel (Arles): A Michelin-starred restaurant known for its,creative and contemporary take on Provençal cuisine. Chef Jean-Luc Rabanel's dishes,creative and contemporary take on Provençal cuisine. Chef Jean-Luc Rabanel's dishes,1,0,1,1,1,12,12,0,1,0,0,0,0,0,0,1,1,1,0,1,0,0,0,1,0,0,0,1,1
creative and contemporary take on Provençal cuisine. Chef Jean-Luc Rabanel's dishes,creative and contemporary take on Provençal cuisine. Chef Jean-Luc Rabanel's dishes,"are a feast for the senses, combining bold flavors with artistic presentation. The","are a feast for the senses, combining bold flavors with artistic presentation. The",1,0,1,1,1,12,12,0,1,0,0,0,0,0,0,1,1,1,0,1,0,0,0,1,0,0,0,1,1
"are a feast for the senses, combining bold flavors with artistic presentation. The","are a feast for the senses, combining bold flavors with artistic presentation. The","restaurant's tasting menu offers a journey through the flavors of Provence, with each","restaurant's tasting menu oﬀers a journey through the flavors of Provence, with each",1,0,1,1,1,12,12,0,1,0,0,0,0,0,0,1,1,1,0,1,0,0,0,1,0,0,0,1,1
"restaurant's tasting menu offers a journey through the flavors of Provence, with each","restaurant's tasting menu oﬀers a journey through the flavors of Provence, with each",course showcasing the region's finest ingredients.,course showcasing the region's finest ingredients.,1,0,1,1,0,12,12,0,1,0,0,0,0,0,0,1,1,1,0,1,0,0,0,1,0,0,0,1,1
course showcasing the region's finest ingredients.,course showcasing the region's finest ingredients.,La Table de Plaisance Saint-Émilion: A two-Michelin-starred restaurant offering a,La Table de Plaisance (Saint-Émilion): A two-Michelin-starred restaurant oﬀering a,4.41,0,1,0,1,12,12,0,1,0,0,0,0,0,0,1,1,1,1,0,0,0,0,1,0,0,0,1,0
La Table de Plaisance Saint-Émilion: A two-Michelin-starred restaurant offering a,La Table de Plaisance (Saint-Émilion): A two-Michelin-starred restaurant oﬀering a,sophisticated menu that highlights the flavors of the region. The restaurant is located,sophisticated menu that highlights the flavors of the region. The restaurant is located,1,0,1,1,1,12,12,0,1,0,0,0,0,0,0,1,1,1,0,1,0,0,0,1,0,0,0,1,1
sophisticated menu that highlights the flavors of the region. The restaurant is located,sophisticated menu that highlights the flavors of the region. The restaurant is located,"in a historic building in the heart of Saint-Émilion, a town known for its world-class","in a historic building in the heart of Saint-Émilion, a town known for its world-class",1,0,1,1,1,12,12,0,1,0,0,0,0,0,0,1,1,1,0,1,0,0,0,1,0,0,0,1,1
"in a historic building in the heart of Saint-Émilion, a town known for its world-class","in a historic building in the heart of Saint-Émilion, a town known for its world-class","wines. The menu features dishes that pair beautifully with the local wines, creating a","wines. The menu features dishes that pair beautifully with the local wines, creating a",1,0,1,1,1,12,12,0,1,0,0,0,0,0,0,1,1,1,0,1,0,0,0,1,0,0,0,1,1
"wines. The menu features dishes that pair beautifully with the local wines, creating a","wines. The menu features dishes that pair beautifully with the local wines, creating a",truly memorable dining experience.,truly memorable dining experience.,1,0,1,1,0,12,12,0,1,0,0,0,0,0,0,1,1,1,0,1,0,0,0,1,0,0,0,1,1
Wine Regions and Types of Wines,Wine Regions and Types of Wines,The South of France is renowned for its diverse and exceptional wine regions. Here are some,The South of France is renowned for its diverse and exceptional wine regions. Here are some,4.43,0,1,0,1,12,12,0,0,1,0,0,0,0,0,0,1,1,0,0,0,0,0,1,0,0,0,1,0
The South of France is renowned for its diverse and exceptional wine regions. Here are some,The South of France is renowned for its diverse and exceptional wine regions. Here are some,key areas to explore and the types of wines they produce:,key areas to explore and the types of wines they produce:,1,0,1,1,0,12,12,0,1,0,0,0,0,0,0,1,1,1,0,1,0,0,0,1,0,0,0,1,1
key areas to explore and the types of wines they produce:,key areas to explore and the types of wines they produce:,"Provence: Famous for its rosé wines, Provence is one of the oldest wine-producing","Provence: Famous for its rosé wines, Provence is one of the oldest wine-producing",4.41,36,0,0,1,12,12,0,1,0,0,0,0,0,0,1,1,1,1,0,0,0,0,1,0,0,0,1,0
"Provence: Famous for its rosé wines, Provence is one of the oldest wine-producing","Provence: Famous for its rosé wines, Provence is one of the oldest wine-producing",regions in France. The region's sunny climate and diverse terroir contribute to the,regions in France. The region's sunny climate and diverse terroir contribute to the,1,0,1,1,1,12,12,0,1,0,0,0,0,0,0,1,1,1,0,1,0,0,0,1,0,0,0,1,1
regions in France. The region's sunny climate and diverse terroir contribute to the,regions in France. The region's sunny climate and diverse terroir contribute to the,"production of light, refreshing rosés, as well as robust reds and aromatic whites. Key","production of light, refreshing rosés, as well as robust reds and aromatic whites. Key",1,0,1,1,1,12,12,0,1,0,0,0,0,0,0,1,1,1,0,1,0,0,0,1,0,0,0,1,1
"production of light, refreshing rosés, as well as robust reds and aromatic whites. Key","production of light, refreshing rosés, as well as robust reds and aromatic whites. Key","appellations include Côtes de Provence, Bandol, and Cassis. Notable grape varieties","appellations include Côtes de Provence, Bandol, and Cassis. Notable grape varieties",1,0,1,1,1,12,12,0,1,0,0,0,0,0,0,1,1,1,0,1,0,0,0,1,0,0,0,1,1
"appellations include Côtes de Provence, Bandol, and Cassis. Notable grape varieties","appellations include Côtes de Provence, Bandol, and Cassis. Notable grape varieties","include Grenache, Syrah, Mourvèdre, and Cinsault for reds and rosés, and Rolle","include Grenache, Syrah, Mourvèdre, and Cinsault for reds and rosés, and Rolle",1,0,1,1,1,12,12,0,1,0,0,0,0,0,0,1,1,1,0,1,0,0,0,1,0,0,0,1,1
"include Grenache, Syrah, Mourvèdre, and Cinsault for reds and rosés, and Rolle","include Grenache, Syrah, Mourvèdre, and Cinsault for reds and rosés, and Rolle",Vermentino and Clairette for whites.,(Vermentino) and Clairette for whites.,1,0,1,1,0,12,12,0,1,0,0,0,0,0,0,1,1,1,0,0,0,0,0,1,0,0,0,1,1
Vermentino and Clairette for whites.,(Vermentino) and Clairette for whites.,Languedoc-Roussillon: This vast region stretches along the Mediterranean coast and is,Languedoc-Roussillon: This vast region stretches along the Mediterranean coast and is,4.41,0,1,0,1,12,12,0,1,0,0,0,0,0,0,1,1,1,1,0,0,0,0,1,0,0,0,1,0
Languedoc-Roussillon: This vast region stretches along the Mediterranean coast and is,Languedoc-Roussillon: This vast region stretches along the Mediterranean coast and is,known for its variety of wine styles. Languedoc-Roussillon produces everything from,known for its variety of wine styles. Languedoc-Roussillon produces everything from,1,0,1,1,1,12,12,0,1,0,0,0,0,0,0,1,1,1,0,1,0,0,0,1,0,0,0,1,1
known for its variety of wine styles. Languedoc-Roussillon produces everything from,known for its variety of wine styles. Languedoc-Roussillon produces everything from,crisp whites and fruity rosés to full-bodied reds. Notable appellations include,crisp whites and fruity rosés to full-bodied reds. Notable appellations include,1,0,1,1,1,12,12,0,1,0,0,0,0,0,0,1,1,1,0,1,0,0,0,1,0,0,0,1,1
crisp whites and fruity rosés to full-bodied reds. Notable appellations include,crisp whites and fruity rosés to full-bodied reds. Notable appellations include,"Corbières, Minervois, and Picpoul de Pinet. Key grape varieties include Carignan,","Corbières, Minervois, and Picpoul de Pinet. Key grape varieties include Carignan,",1,0,1,1,1,12,12,0,1,0,0,0,0,0,0,1,1,1,0,0,0,0,0,1,0,0,0,1,1
"Corbières, Minervois, and Picpoul de Pinet. Key grape varieties include Carignan,","Corbières, Minervois, and Picpoul de Pinet. Key grape varieties include Carignan,","Grenache, Syrah, and Mourvèdre for reds, and Picpoul, Marsanne, and Roussanne for","Grenache, Syrah, and Mourvèdre for reds, and Picpoul, Marsanne, and Roussanne for",1,0,1,1,1,12,12,0,1,0,0,0,0,0,0,1,1,1,0,0,0,0,0,1,0,0,0,1,1
"Grenache, Syrah, and Mourvèdre for reds, and Picpoul, Marsanne, and Roussanne for","Grenache, Syrah, and Mourvèdre for reds, and Picpoul, Marsanne, and Roussanne for",whites.,whites.,1,0,1,1,0,12,12,0,1,0,0,0,0,0,0,1,1,1,0,1,0,0,0,1,0,0,0,1,1
whites.,whites.,Rhône Valley: The southern part of the Rhône Valley is famous for its powerful red,Rhône Valley: The southern part of the Rhône Valley is famous for its powerful red,4.41,0,1,0,1,12,12,0,1,0,0,0,0,0,0,1,1,1,1,0,0,0,0,1,0,0,0,1,0
Rhône Valley: The southern part of the Rhône Valley is famous for its powerful red,Rhône Valley: The southern part of the Rhône Valley is famous for its powerful red,"wines, particularly those from Châteauneuf-du-Pape. The region also produces","wines, particularly those from Châteauneuf-du-Pape. The region also produces",1,0,1,1,1,12,12,0,1,0,0,0,0,0,0,1,1,1,0,1,0,0,0,1,0,0,0,1,1
"wines, particularly those from Châteauneuf-du-Pape. The region also produces","wines, particularly those from Châteauneuf-du-Pape. The region also produces","excellent whites and rosés. Other important appellations include Gigondas,","excellent whites and rosés. Other important appellations include Gigondas,",1,0,1,1,1,12,12,0,1,0,0,0,0,0,0,1,1,1,0,1,0,0,0,1,0,0,0,1,1
"excellent whites and rosés. Other important appellations include Gigondas,","excellent whites and rosés. Other important appellations include Gigondas,","Vacqueyras, and Côtes du Rhône. Key grape varieties include Grenache, Syrah, and","Vacqueyras, and Côtes du Rhône. Key grape varieties include Grenache, Syrah, and",1,0,1,1,1,12,12,0,1,0,0,0,0,0,0,1,1,1,0,0,0,0,0,1,0,0,0,1,1
"Vacqueyras, and Côtes du Rhône. Key grape varieties include Grenache, Syrah, and","Vacqueyras, and Côtes du Rhône. Key grape varieties include Grenache, Syrah, and","Mourvèdre for reds, and Viognier, Marsanne, and Roussanne for whites.","Mourvèdre for reds, and Viognier, Marsanne, and Roussanne for whites.",1,0,1,1,1,12,12,0,1,0,0,0,0,0,0,1,1,1,0,0,0,0,0,1,0,0,0,1,1
"Mourvèdre for reds, and Viognier, Marsanne, and Roussanne for whites.","Mourvèdre for reds, and Viognier, Marsanne, and Roussanne for whites.",South West France Sud-Ouest: This lesser-known region is home to a variety of,South West France (Sud-Ouest): This lesser-known region is home to a variety of,4.41,0,1,1,1,12,12,0,1,0,0,0,0,0,0,1,1,1,1,0,0,0,0,1,0,0,0,1,0
South West France Sud-Ouest: This lesser-known region is home to a variety of,South West France (Sud-Ouest): This lesser-known region is home to a variety of,unique wines made from indigenous grape varieties. The area includes sub-regions,unique wines made from indigenous grape varieties. The area includes sub-regions,1,0,1,1,1,12,12,0,1,0,0,0,0,0,0,1,1,1,0,1,0,0,0,1,0,0,0,1,1
unique wines made from indigenous grape varieties. The area includes sub-regions,unique wines made from indigenous grape varieties. The area includes sub-regions,"such as Bergerac, Cahors, and Madiran. South West France is known for its robust reds,","such as Bergerac, Cahors, and Madiran. South West France is known for its robust reds,",1,0,1,1,1,12,12,0,1,0,0,0,0,0,0,1,1,1,0,1,0,0,0,1,0,0,0,1,1
"such as Bergerac, Cahors, and Madiran. South West France is known for its robust reds,","such as Bergerac, Cahors, and Madiran. South West France is known for its robust reds,","aromatic whites, and sweet dessert wines. Key grape varieties include Malbec known","aromatic whites, and sweet dessert wines. Key grape varieties include Malbec (known",1,0,1,1,1,12,12,0,1,0,0,0,0,0,0,1,1,1,0,1,0,0,0,1,0,0,0,1,1
"aromatic whites, and sweet dessert wines. Key grape varieties include Malbec known","aromatic whites, and sweet dessert wines. Key grape varieties include Malbec (known","locally as Côt, Tannat, and Négrette for reds, and Gros Manseng, Petit Manseng, and","locally as Côt), Tannat, and Négrette for reds, and Gros Manseng, Petit Manseng, and",1,0,1,1,1,12,12,0,1,0,0,0,0,0,0,1,1,1,0,1,0,0,0,1,0,0,0,1,1
"locally as Côt, Tannat, and Négrette for reds, and Gros Manseng, Petit Manseng, and","locally as Côt), Tannat, and Négrette for reds, and Gros Manseng, Petit Manseng, and",Colombard for whites.,Colombard for whites.,1,0,1,1,0,12,12,0,1,0,0,0,0,0,0,1,1,1,0,0,0,0,0,1,0,0,0,1,1
Colombard for whites.,Colombard for whites.,"Corsica: Although technically an island, Corsica is often included in discussions of","Corsica: Although technically an island, Corsica is often included in discussions of",4.41,0,1,0,1,12,12,0,1,0,0,0,0,0,0,1,1,1,1,0,0,0,0,1,0,0,0,1,0
"Corsica: Although technically an island, Corsica is often included in discussions of","Corsica: Although technically an island, Corsica is often included in discussions of",Southern French wine regions. The island's diverse terroir and Mediterranean climate,Southern French wine regions. The island's diverse terroir and Mediterranean climate,1,0,1,1,1,12,12,0,1,0,0,0,0,0,0,1,1,1,0,0,0,0,0,1,0,0,0,1,1
Southern French wine regions. The island's diverse terroir and Mediterranean climate,Southern French wine regions. The island's diverse terroir and Mediterranean climate,"produce a range of wines, including crisp whites, fruity rosés, and spicy reds. Key","produce a range of wines, including crisp whites, fruity rosés, and spicy reds. Key",1,0,1,1,1,12,12,0,1,0,0,0,0,0,0,1,1,1,0,1,0,0,0,1,0,0,0,1,1
"produce a range of wines, including crisp whites, fruity rosés, and spicy reds. Key","produce a range of wines, including crisp whites, fruity rosés, and spicy reds. Key","appellations include Ajaccio, Patrimonio, and Vin de Corse. Notable grape varieties","appellations include Ajaccio, Patrimonio, and Vin de Corse. Notable grape varieties",1,0,1,1,1,12,12,0,1,0,0,0,0,0,0,1,1,1,0,1,0,0,0,1,0,0,0,1,1
"appellations include Ajaccio, Patrimonio, and Vin de Corse. Notable grape varieties","appellations include Ajaccio, Patrimonio, and Vin de Corse. Notable grape varieties","include Nielluccio Sangiovese, Sciacarello, and Vermentino.","include Nielluccio (Sangiovese), Sciacarello, and Vermentino.",1,0,1,1,1,12,12,0,1,0,0,0,0,0,0,1,1,1,0,1,0,0,0,1,0,0,0,1,0
Culinary Experiences,Culinary Experiences,"In addition to dining at top restaurants, there are several culinary experiences you should","In addition to dining at top restaurants, there are several culinary experiences you should",4.43,0,1,0,1,12,12,0,0,1,0,0,0,0,0,0,1,1,0,0,0,0,0,1,0,0,0,1,0
"In addition to dining at top restaurants, there are several culinary experiences you should","In addition to dining at top restaurants, there are several culinary experiences you should",consider:,consider:,1,0,1,1,0,12,12,0,1,0,0,0,0,0,0,1,1,1,0,1,0,0,0,1,0,0,0,1,1
consider:,consider:,Cooking Classes: Many towns and cities in the South of France offer cooking classes,Cooking Classes: Many towns and cities in the South of France oﬀer cooking classes,4.41,36,0,0,1,12,12,0,1,0,0,0,0,0,0,1,1,1,1,0,0,0,0,1,0,0,0,1,0
Cooking Classes: Many towns and cities in the South of France offer cooking classes,Cooking Classes: Many towns and cities in the South of France oﬀer cooking classes,"where you can learn to prepare traditional dishes like bouillabaisse, ratatouille, and","where you can learn to prepare traditional dishes like bouillabaisse, ratatouille, and",1,0,1,1,1,12,12,0,1,0,0,0,0,0,0,1,1,1,0,1,0,0,0,1,0,0,0,1,1
"where you can learn to prepare traditional dishes like bouillabaisse, ratatouille, and","where you can learn to prepare traditional dishes like bouillabaisse, ratatouille, and",tarte tropézienne. These classes are a great way to immerse yourself in the local,tarte tropézienne. These classes are a great way to immerse yourself in the local,1,0,1,1,1,12,12,0,1,0,0,0,0,0,0,1,1,1,0,1,0,0,0,1,0,0,0,1,1
tarte tropézienne. These classes are a great way to immerse yourself in the local,tarte tropézienne. These classes are a great way to immerse yourself in the local,culture and gain hands-on experience with regional recipes. Some classes even,culture and gain hands-on experience with regional recipes. Some classes even,1,0,1,1,1,12,12,0,1,0,0,0,0,0,0,1,1,1,0,1,0,0,0,1,0,0,0,1,1
culture and gain hands-on experience with regional recipes. Some classes even,culture and gain hands-on experience with regional recipes. Some classes even,include a visit to a local market to shop for fresh ingredients.,include a visit to a local market to shop for fresh ingredients.,1,0,1,1,1,12,12,0,1,0,0,0,0,0,0,1,1,1,0,1,0,0,0,1,0,0,0,1,1
include a visit to a local market to shop for fresh ingredients.,include a visit to a local market to shop for fresh ingredients.,Food Markets: Visit local markets such as the Cours Saleya Market in Nice or the,Food Markets: Visit local markets such as the Cours Saleya Market in Nice or the,4.41,0,1,1,1,12,12,0,1,0,0,0,0,0,0,1,1,1,1,0,0,0,0,1,0,0,0,1,0
Food Markets: Visit local markets such as the Cours Saleya Market in Nice or the,Food Markets: Visit local markets such as the Cours Saleya Market in Nice or the,"Marché Forville in Cannes to sample fresh produce, cheeses, and charcuterie. These","Marché Forville in Cannes to sample fresh produce, cheeses, and charcuterie. These",1,0,1,1,1,12,12,0,1,0,0,0,0,0,0,1,1,1,0,0,0,0,0,1,0,0,0,1,1
"Marché Forville in Cannes to sample fresh produce, cheeses, and charcuterie. These","Marché Forville in Cannes to sample fresh produce, cheeses, and charcuterie. These","markets are a feast for the senses, with stalls overflowing with colorful fruits and","markets are a feast for the senses, with stalls overflowing with colorful fruits and",1,0,1,1,1,12,12,0,1,0,0,0,0,0,0,1,1,1,0,1,0,0,0,1,0,0,0,1,1
"markets are a feast for the senses, with stalls overflowing with colorful fruits and","markets are a feast for the senses, with stalls overflowing with colorful fruits and","vegetables, fragrant herbs, and artisanal products. Take the time to chat with the","vegetables, fragrant herbs, and artisanal products. Take the time to chat with the",1,0,1,1,1,12,12,0,1,0,0,0,0,0,0,1,1,1,0,1,0,0,0,1,0,0,0,1,1
"vegetables, fragrant herbs, and artisanal products. Take the time to chat with the","vegetables, fragrant herbs, and artisanal products. Take the time to chat with the",vendors and learn about the local specialties.,vendors and learn about the local specialties.,1,0,1,1,0,12,12,0,1,0,0,0,0,0,0,1,1,1,0,1,0,0,0,1,0,0,0,1,1
vendors and learn about the local specialties.,vendors and learn about the local specialties.,"Wine Tours: The South of France is renowned for its wine regions, including Provence","Wine Tours: The South of France is renowned for its wine regions, including Provence",4.41,0,1,0,1,12,12,0,1,0,0,0,0,0,0,1,1,1,1,0,0,0,0,1,0,0,0,1,0
"Wine Tours: The South of France is renowned for its wine regions, including Provence","Wine Tours: The South of France is renowned for its wine regions, including Provence","and Languedoc. Take a wine tour to visit vineyards, taste local wines, and learn about","and Languedoc. Take a wine tour to visit vineyards, taste local wines, and learn about",1,0,1,1,1,12,12,0,1,0,0,0,0,0,0,1,1,1,0,1,0,0,0,1,0,0,0,1,1
"and Languedoc. Take a wine tour to visit vineyards, taste local wines, and learn about","and Languedoc. Take a wine tour to visit vineyards, taste local wines, and learn about","the winemaking process. Many wineries offer guided tours and tastings, giving you the","the winemaking process. Many wineries oﬀer guided tours and tastings, giving you the",1,0,1,1,1,12,12,0,1,0,0,0,0,0,0,1,1,1,0,1,0,0,0,1,0,0,0,1,1
"the winemaking process. Many wineries offer guided tours and tastings, giving you the","the winemaking process. Many wineries oﬀer guided tours and tastings, giving you the",opportunity to sample a variety of wines and discover new favorites. Don't miss the,opportunity to sample a variety of wines and discover new favorites. Don't miss the,1,0,1,1,1,12,12,0,1,0,0,0,0,0,0,1,1,1,0,1,0,0,0,1,0,0,0,1,1
opportunity to sample a variety of wines and discover new favorites. Don't miss the,opportunity to sample a variety of wines and discover new favorites. Don't miss the,"chance to try rosé from Provence, which is famous for its light, refreshing flavor.","chance to try rosé from Provence, which is famous for its light, refreshing flavor.",1,0,1,1,1,12,12,0,1,0,0,0,0,0,0,1,1,1,0,1,0,0,0,1,0,0,0,1,1
"chance to try rosé from Provence, which is famous for its light, refreshing flavor.","chance to try rosé from Provence, which is famous for its light, refreshing flavor.",Olive Oil Tasting: The region is famous for its olive oil. Visit an olive grove to learn,Olive Oil Tasting: The region is famous for its olive oil. Visit an olive grove to learn,4.41,0,1,1,1,12,12,0,1,0,0,0,0,0,0,1,1,1,1,0,0,0,0,1,0,0,0,1,0
Olive Oil Tasting: The region is famous for its olive oil. Visit an olive grove to learn,Olive Oil Tasting: The region is famous for its olive oil. Visit an olive grove to learn,about olive oil production and enjoy a tasting session. You'll have the chance to,about olive oil production and enjoy a tasting session. You'll have the chance to,1,0,1,1,1,12,12,0,1,0,0,0,0,0,0,1,1,1,0,1,0,0,0,1,0,0,0,1,1
about olive oil production and enjoy a tasting session. You'll have the chance to,about olive oil production and enjoy a tasting session. You'll have the chance to,sample different varieties of olive oil and learn about the nuances of flavor and aroma.,sample diﬀerent varieties of olive oil and learn about the nuances of flavor and aroma.,1,0,1,1,1,12,12,0,1,0,0,0,0,0,0,1,1,1,0,1,0,0,0,1,0,0,0,1,1
sample different varieties of olive oil and learn about the nuances of flavor and aroma.,sample diﬀerent varieties of olive oil and learn about the nuances of flavor and aroma.,"Many olive groves also produce other products like tapenade and olive soap, which","Many olive groves also produce other products like tapenade and olive soap, which",1,0,1,1,1,12,12,0,1,0,0,0,0,0,0,1,1,1,1,0,0,0,0,1,0,0,0,1,1
"Many olive groves also produce other products like tapenade and olive soap, which","Many olive groves also produce other products like tapenade and olive soap, which",make great souvenirs.,make great souvenirs.,1,0,1,1,0,12,12,0,1,0,0,0,0,0,0,1,1,1,0,1,0,0,0,1,0,0,0,1,1
make great souvenirs.,make great souvenirs.,"Truffle Hunting: The South of France is known for its truffles, particularly the black","Truﬄe Hunting: The South of France is known for its truﬄes, particularly the black",4.41,0,1,0,1,12,12,0,1,0,0,0,0,0,0,1,1,1,1,0,0,0,0,1,0,0,0,1,0
"Truffle Hunting: The South of France is known for its truffles, particularly the black","Truﬄe Hunting: The South of France is known for its truﬄes, particularly the black",truffles from the Périgord region. Join a truffle hunting tour to experience the thrill of,truﬄes from the Périgord region. Join a truﬄe hunting tour to experience the thrill of,1,0,1,1,1,12,12,0,1,0,0,0,0,0,0,1,1,1,0,1,0,0,0,1,0,0,0,1,1
truffles from the Périgord region. Join a truffle hunting tour to experience the thrill of,truﬄes from the Périgord region. Join a truﬄe hunting tour to experience the thrill of,searching for these prized fungi. You'll be accompanied by a trained truffle dog and a,searching for these prized fungi. You'll be accompanied by a trained truﬄe dog and a,1,0,1,1,1,12,12,0,1,0,0,0,0,0,0,1,1,1,0,1,0,0,0,1,0,0,0,1,1
searching for these prized fungi. You'll be accompanied by a trained truffle dog and a,searching for these prized fungi. You'll be accompanied by a trained truﬄe dog and a,knowledgeable guide who will teach you about the truffle's history and culinary uses.,knowledgeable guide who will teach you about the truﬄe's history and culinary uses.,1,0,1,1,1,12,12,0,1,0,0,0,0,0,0,1,1,1,0,1,0,0,0,1,0,0,0,1,1
knowledgeable guide who will teach you about the truffle's history and culinary uses.,knowledgeable guide who will teach you about the truﬄe's history and culinary uses.,"After the hunt, enjoy a truffle-themed meal featuring your freshly harvested finds.","After the hunt, enjoy a truﬄe-themed meal featuring your freshly harvested finds.",1,0,1,1,1,12,12,0,1,0,0,0,0,0,0,1,1,1,1,0,0,0,0,1,0,0,0,1,1
"After the hunt, enjoy a truffle-themed meal featuring your freshly harvested finds.","After the hunt, enjoy a truﬄe-themed meal featuring your freshly harvested finds.","Farm-to-Table Dining: Many restaurants in the South of France embrace the farm-totable philosophy, sourcing their ingredients from local farms and producers. Look for","table philosophy, sourcing their ingredients from local farms and producers. Look for",11.72,0,1,1,1,12,12,0,1,0,0,0,0,0,0,1,1,1,1,0,0,0,0,1,0,0,0,1,0
"Farm-to-Table Dining: Many restaurants in the South of France embrace the farm-totable philosophy, sourcing their ingredients from local farms and producers. Look for","table philosophy, sourcing their ingredients from local farms and producers. Look for","restaurants that highlight seasonal, locally grown produce and sustainably raised","restaurants that highlight seasonal, locally grown produce and sustainably raised",1,0,1,1,1,12,12,0,1,0,0,0,0,0,0,1,1,1,0,1,0,0,0,1,0,0,0,1,1
"restaurants that highlight seasonal, locally grown produce and sustainably raised","restaurants that highlight seasonal, locally grown produce and sustainably raised",meats. Dining at a farm-to-table restaurant is a wonderful way to support local,meats. Dining at a farm-to-table restaurant is a wonderful way to support local,1,0,1,1,1,12,12,0,1,0,0,0,0,0,0,1,1,1,0,1,0,0,0,1,0,0,0,1,1
meats. Dining at a farm-to-table restaurant is a wonderful way to support local,meats. Dining at a farm-to-table restaurant is a wonderful way to support local,agriculture and enjoy the freshest ingredients available.,agriculture and enjoy the freshest ingredients available.,1,0,1,1,0,12,12,0,1,0,0,0,0,0,0,1,1,1,0,1,0,0,0,1,0,0,0,1,1
"Cheese Tasting: The South of France is home to a variety of delicious cheeses,","Cheese Tasting: The South of France is home to a variety of delicious cheeses,","including Roquefort, Banon, and Picodon. Visit a local fromagerie cheese shop or a","including Roquefort, Banon, and Picodon. Visit a local fromagerie (cheese shop) or a",1,0,1,1,1,12,12,0,1,0,0,0,0,0,0,1,1,1,0,1,0,0,0,1,0,0,0,1,1
"including Roquefort, Banon, and Picodon. Visit a local fromagerie cheese shop or a","including Roquefort, Banon, and Picodon. Visit a local fromagerie (cheese shop) or a",farm to sample these cheeses and learn about their production. Many cheese,farm to sample these cheeses and learn about their production. Many cheese,1,0,1,1,1,12,12,0,1,0,0,0,0,0,0,1,1,1,0,1,0,0,0,1,0,0,0,1,1
farm to sample these cheeses and learn about their production. Many cheese,farm to sample these cheeses and learn about their production. Many cheese,"producers offer tours and tastings, giving you the opportunity to discover the unique","producers oﬀer tours and tastings, giving you the opportunity to discover the unique",1,0,1,1,1,12,12,0,1,0,0,0,0,0,0,1,1,1,0,1,0,0,0,1,0,0,0,1,1
"producers offer tours and tastings, giving you the opportunity to discover the unique","producers oﬀer tours and tastings, giving you the opportunity to discover the unique",flavors and textures of the region's cheeses.,flavors and textures of the region's cheeses.,1,0,1,1,0,12,12,0,1,0,0,0,0,0,0,1,1,1,0,1,0,0,0,1,0,0,0,1,1
flavors and textures of the region's cheeses.,flavors and textures of the region's cheeses.,"Pastry Workshops: French pastries are renowned worldwide, and the South of France","Pastry Workshops: French pastries are renowned worldwide, and the South of France",4.41,0,1,0,1,12,12,0,1,0,0,0,0,0,0,1,1,1,1,0,0,0,0,1,0,0,0,1,0
"Pastry Workshops: French pastries are renowned worldwide, and the South of France","Pastry Workshops: French pastries are renowned worldwide, and the South of France",is no exception. Join a pastry workshop to learn how to make classic French pastries,is no exception. Join a pastry workshop to learn how to make classic French pastries,1,0,1,1,1,12,12,0,1,0,0,0,0,0,0,1,1,1,0,1,0,0,0,1,0,0,0,1,1
is no exception. Join a pastry workshop to learn how to make classic French pastries,is no exception. Join a pastry workshop to learn how to make classic French pastries,"like croissants, éclairs, and macarons. These workshops are a fun and interactive way","like croissants, éclairs, and macarons. These workshops are a fun and interactive way",1,0,1,1,1,12,12,0,1,0,0,0,0,0,0,1,1,1,0,1,0,0,0,1,0,0,0,1,1
"like croissants, éclairs, and macarons. These workshops are a fun and interactive way","like croissants, éclairs, and macarons. These workshops are a fun and interactive way",to improve your baking skills and take home some delicious treats.,to improve your baking skills and take home some delicious treats.,1,0,1,1,1,12,12,0,1,0,0,0,0,0,0,1,1,1,0,1,0,0,0,1,0,0,0,1,1
Conclusion,Conclusion,The South of France offers a rich and diverse culinary landscape that is sure to delight any,The South of France oﬀers a rich and diverse culinary landscape that is sure to delight any,4.43,0,1,0,1,12,12,0,0,1,0,0,0,0,0,0,1,1,0,0,0,0,0,1,0,0,0,1,0
The South of France offers a rich and diverse culinary landscape that is sure to delight any,The South of France oﬀers a rich and diverse culinary landscape that is sure to delight any,food lover. From fresh seafood and Provençal dishes to iconic restaurants and unique culinary,food lover. From fresh seafood and Provençal dishes to iconic restaurants and unique culinary,1,0,1,1,1,12,12,0,1,0,0,0,0,0,0,1,1,1,0,1,0,0,0,1,0,0,0,1,1
food lover. From fresh seafood and Provençal dishes to iconic restaurants and unique culinary,food lover. From fresh seafood and Provençal dishes to iconic restaurants and unique culinary,"experiences, there is something for everyone to enjoy. Whether you're savoring a bowl of","experiences, there is something for everyone to enjoy. Whether you're savoring a bowl of",1,0,1,1,1,12,12,0,1,0,0,0,0,0,0,1,1,1,0,1,0,0,0,1,0,0,0,1,1
"experiences, there is something for everyone to enjoy. Whether you're savoring a bowl of","experiences, there is something for everyone to enjoy. Whether you're savoring a bowl of","bouillabaisse by the sea, exploring vibrant food markets, or indulging in a Michelin-starred","bouillabaisse by the sea, exploring vibrant food markets, or indulging in a Michelin-starred",1,0,1,1,1,12,12,0,1,0,0,0,0,0,0,1,1,1,0,1,0,0,0,1,0,0,0,1,1
"bouillabaisse by the sea, exploring vibrant food markets, or indulging in a Michelin-starred","bouillabaisse by the sea, exploring vibrant food markets, or indulging in a Michelin-starred","meal, the flavors of this beautiful region will leave a lasting impression. Use this guide to plan","meal, the flavors of this beautiful region will leave a lasting impression. Use this guide to plan",1,0,1,1,1,12,12,0,1,0,0,0,0,0,0,1,1,1,0,1,0,0,0,1,0,0,0,1,1
"meal, the flavors of this beautiful region will leave a lasting impression. Use this guide to plan","meal, the flavors of this beautiful region will leave a lasting impression. Use this guide to plan","your culinary journey and savor the tastes of the South of France, creating memories that will","your culinary journey and savor the tastes of the South of France, creating memories that will",0.97,0,1,1,1,12,12,0,1,0,0,0,0,0,0,1,1,1,0,1,0,0,0,1,0,0,0,1,1
"your culinary journey and savor the tastes of the South of France, creating memories that will","your culinary journey and savor the tastes of the South of France, creating memories that will",linger long after your trip has ended. Bon appétit!,linger long after your trip has ended. Bon appétit!,1,0,1,1,0,12,12,0,1,0,0,0,0,0,0,1,1,1,0,1,0,0,0,1,0,0,0,1,1
