text_a,span_text_a,text_b,span_text_b,normalized_vertical_gap,indentation_change,same_alignment,is_centered_A,is_centered_B,font_size_a,font_size_b,font_size_diff,same_font,is_bold_A,is_bold_B,is_italic_A,is_italic_B,is_monospace_A,is_monospace_B,same_bold,same_italic,same_monospace,line_a_ends_punctuation,line_b_starts_lowercase,is_linea_in_rectangle,is_lineb_in_rectangle,both_in_table,neither_in_table,is_linea_hashed,is_lineb_hashed,both_hashed,neither_hashed,page_number_a,page_number_b,label
1. Make the desired changes in the app. Bear in mind the following:,1. Make the desired changes in the app. Bear in mind the following:,"If you change the dimensions of the image, the image may not align correctly in","If you change the dimensions of the image, the image may not align correctly in",1.67,54,0,0,1,12,12,0,1,0,0,0,0,0,0,1,1,1,1,0,0,0,0,1,0,0,0,1,1,1,0
"If you change the dimensions of the image, the image may not align correctly in","If you change the dimensions of the image, the image may not align correctly in",the PDF.,the PDF.,0,0,1,1,0,12,12,0,1,0,0,0,0,0,0,1,1,1,0,1,0,0,0,1,0,0,0,1,1,1,1
the PDF.,the PDF.,Transparency information is preserved only for masks that are specified as,Transparency information is preserved only for masks that are specified as,1,0,1,0,1,12,12,0,1,0,0,0,0,0,0,1,1,1,1,0,0,0,0,1,0,0,0,1,1,1,0
Transparency information is preserved only for masks that are specified as,Transparency information is preserved only for masks that are specified as,index values in an indexed color space.,index values in an indexed color space.,0,0,1,1,0,12,12,0,1,0,0,0,0,0,0,1,1,1,0,1,0,0,0,1,0,0,0,1,1,1,1
index values in an indexed color space.,index values in an indexed color space.,"If you're working in Photoshop, flatten the image.","If you're working in Photoshop, flatten the image.",1,0,1,0,1,12,12,0,1,0,0,0,0,0,0,1,1,1,1,0,0,0,0,1,0,0,0,1,1,1,0
"If you're working in Photoshop, flatten the image.","If you're working in Photoshop, flatten the image.",Image masks aren't supported.,Image masks aren't supported.,1,0,1,1,0,12,12,0,1,0,0,0,0,0,0,1,1,1,1,0,0,0,0,1,0,0,0,1,1,1,0
Image masks aren't supported.,Image masks aren't supported.,"If you change image modes while editing the image, you may lose valuable","If you change image modes while editing the image, you may lose valuable",1,0,1,0,1,12,12,0,1,0,0,0,0,0,0,1,1,1,1,0,0,0,0,1,0,0,0,1,1,1,0
"If you change image modes while editing the image, you may lose valuable","If you change image modes while editing the image, you may lose valuable",information that can be applied only in the original mode.,information that can be applied only in the original mode.,0,0,1,1,1,12,12,0,1,0,0,0,0,0,0,1,1,1,0,1,0,0,0,1,0,0,0,1,1,1,1
information that can be applied only in the original mode.,information that can be applied only in the original mode.,"2. In the editing app, choose File   - Save . The object is automatically updated and","2. In the editing app, choose File > Save. The object is automatically updated and",5.31,-54,0,1,0,12,12,0,1,0,0,0,0,0,0,1,1,1,1,0,0,0,0,1,0,0,0,1,1,1,0
"2. In the editing app, choose File   - Save . The object is automatically updated and","2. In the editing app, choose File > Save. The object is automatically updated and",displayed in the PDF when you bring Acrobat to the foreground.,displayed in the PDF when you bring Acrobat to the foreground.,0,18,0,0,1,12,12,0,1,0,0,0,0,0,0,1,1,1,0,1,0,0,0,1,0,0,0,1,1,1,1
displayed in the PDF when you bring Acrobat to the foreground.,displayed in the PDF when you bring Acrobat to the foreground.,"Note: For Photoshop, if the image is in a format supported by Photoshop 6.0 or later, your","Note: For Photoshop, if the image is in a format supported by Photoshop 6.0 or later, your",1.67,-36,0,1,0,12,12,0,0,0,1,0,0,0,0,0,1,1,1,0,0,0,0,1,0,0,0,1,1,1,0
"Note: For Photoshop, if the image is in a format supported by Photoshop 6.0 or later, your","Note: For Photoshop, if the image is in a format supported by Photoshop 6.0 or later, your","edited image is saved back into the PDF. However, if the image is in an unsupported format,","edited image is saved back into the PDF. However, if the image is in an unsupported format,",0.02,0,1,0,1,12,12,0,0,1,0,0,0,0,0,0,1,1,0,1,0,0,0,1,0,0,0,1,1,1,1
"edited image is saved back into the PDF. However, if the image is in an unsupported format,","edited image is saved back into the PDF. However, if the image is in an unsupported format,",Photoshop handles the image as a generic PDF image. The edited image is saved to disk,Photoshop handles the image as a generic PDF image. The edited image is saved to disk,0,0,1,1,1,12,12,0,1,0,0,0,0,0,0,1,1,1,0,0,0,0,0,1,0,0,0,1,1,1,1
Photoshop handles the image as a generic PDF image. The edited image is saved to disk,Photoshop handles the image as a generic PDF image. The edited image is saved to disk,instead of the PDF.,instead of the PDF.,0,0,1,1,0,12,12,0,1,0,0,0,0,0,0,1,1,1,0,1,0,0,0,1,0,0,0,1,1,1,1
instead of the PDF.,instead of the PDF.,Export PDF images to another format,Export PDF images to another format,4.37,0,1,0,0,12,16.02,4.02,0,0,1,0,0,0,0,0,1,1,1,0,0,0,0,1,0,1,0,0,1,1,0
Export PDF images to another format,Export PDF images to another format,"You can save every page all text, images, and vector objects on a page to an image format.","You can save every page (all text, images, and vector objects on a page) to an image format.",1.67,0,1,0,1,16.02,12,-4.02,0,1,0,0,0,0,0,0,1,1,0,0,0,0,0,1,1,0,0,0,1,1,0
"You can save every page all text, images, and vector objects on a page to an image format.","You can save every page (all text, images, and vector objects on a page) to an image format.",Choose Convert - Export PDF To - Image format - Image Type. You can also export each,Choose Convert > Export PDF To > Image format > [Image Type]. You can also export each,0.03,0,1,1,0,12,12,0,1,0,0,0,0,0,0,1,1,1,1,0,0,0,0,1,0,0,0,1,1,1,1
Choose Convert - Export PDF To - Image format - Image Type. You can also export each,Choose Convert > Export PDF To > Image format > [Image Type]. You can also export each,image in a PDF to a separate image file.,image in a PDF to a separate image file.,0,0,1,0,0,12,12,0,1,0,0,0,0,0,0,1,1,1,0,1,0,0,0,1,0,0,0,1,1,1,1
"Rotate, move, delete, extract, or renumber pages in a PDF","Rotate, move, delete, extract, or renumber",Rotate pages in a PDF,pages in a PDF,0,0,1,1,0,24,24,0,1,1,1,0,0,0,0,1,1,1,0,0,0,0,0,1,1,1,1,0,3,3,0
Rotate pages in a PDF,pages in a PDF,You can rotate all or select pages in a document. Rotation is based on 90-degree increments.,You can rotate all or select pages in a document. Rotation is based on 90-degree increments.,12.17,0,1,0,1,24,12,-12,0,1,0,0,0,0,0,0,1,1,0,0,0,0,0,1,1,0,0,0,3,3,0
You can rotate all or select pages in a document. Rotation is based on 90-degree increments.,You can rotate all or select pages in a document. Rotation is based on 90-degree increments.,You can rotate pages using the rotate tools in the Page Thumbnails pane or,You can rotate pages using the rotate tools in the Page Thumbnails pane or,0.03,0,1,1,0,12,12,0,1,0,0,0,0,0,0,1,1,1,1,0,0,0,0,1,0,0,0,1,3,3,1
You can rotate pages using the rotate tools in the Page Thumbnails pane or,You can rotate pages using the rotate tools in the Page Thumbnails pane or,the Rotate option.,the Rotate option.,0.03,0,1,0,0,12,12,0,1,0,0,0,0,0,0,1,1,1,0,1,0,0,0,1,0,0,0,1,3,3,1
the Rotate option.,the Rotate option.,"1. Open the PDF in Acrobat, choose All tools    - Organize pages.","1. Open the PDF in Acrobat, choose All tools > Organize pages.",1.98,18,0,0,0,12,12,0,1,0,0,0,0,0,0,1,1,1,1,0,0,0,0,1,0,0,0,1,3,3,0
"1. Open the PDF in Acrobat, choose All tools    - Organize pages.","1. Open the PDF in Acrobat, choose All tools > Organize pages.","2. From the left pane, specify the page range on which you want to apply the rotation.","2. From the left pane, specify the page range on which you want to apply the rotation.",1.94,0,1,0,0,12,12,0,1,0,0,0,0,0,0,1,1,1,1,0,0,0,0,1,0,0,0,1,3,3,0
"2. From the left pane, specify the page range on which you want to apply the rotation.","2. From the left pane, specify the page range on which you want to apply the rotation.","Select the drop-down menu under PAGES SELECTED, then select the appropriate","Select the drop-down menu under PAGES SELECTED, then select the appropriate",0.03,18,0,0,0,12,12,0,1,0,0,0,0,0,0,1,1,1,1,0,0,0,0,1,0,0,0,1,3,3,1
"Select the drop-down menu under PAGES SELECTED, then select the appropriate","Select the drop-down menu under PAGES SELECTED, then select the appropriate","option. Alternatively, you can enter the page number you want to operate on.","option. Alternatively, you can enter the page number you want to operate on.",0,0,1,0,1,12,12,0,1,0,0,0,0,0,0,1,1,1,0,1,0,0,0,1,0,0,0,1,3,3,1
"option. Alternatively, you can enter the page number you want to operate on.","option. Alternatively, you can enter the page number you want to operate on.","3. After specifying the page range, for Direction, select either Rotate page left for","3. After specifying the page range, for Direction, select either Rotate page left for",1.94,-18,0,1,0,12,12,0,1,0,0,0,0,0,0,1,1,1,1,0,0,0,0,1,0,0,0,1,3,3,0
"3. After specifying the page range, for Direction, select either Rotate page left for","3. After specifying the page range, for Direction, select either Rotate page left for",counterclockwise 90° rotation or Rotate page right° for clockwise 90° rotation .,or Rotate page right° for clockwise 90° rotation,2.4,188.76,0,0,0,12,12,0,1,0,0,0,0,0,0,1,1,1,0,1,0,0,0,1,0,0,0,1,3,3,1
counterclockwise 90° rotation or Rotate page right° for clockwise 90° rotation .,or Rotate page right° for clockwise 90° rotation,4. You can also apply the page rotation on a specific page by selecting the buttons in the,4. You can also apply the page rotation on a specific page by selecting the buttons in the,1.94,-188.76,0,0,0,12,12,0,1,0,0,0,0,0,0,1,1,1,1,0,0,0,0,1,0,0,0,1,3,3,0
4. You can also apply the page rotation on a specific page by selecting the buttons in the,4. You can also apply the page rotation on a specific page by selecting the buttons in the,right pane.,right pane.,0,18,0,0,0,12,12,0,1,0,0,0,0,0,0,1,1,1,0,1,0,0,0,1,0,0,0,1,3,3,1
right pane.,right pane.,"Note: To temporarily change your view of the page, from the hamburger menu Windows","Note: To temporarily change your view of the page, from the hamburger menu   (Windows)",59.56,-36,0,0,0,12,12,0,0,0,1,0,0,0,0,0,1,1,1,0,0,0,0,1,0,0,0,1,3,3,0
"Note: To temporarily change your view of the page, from the hamburger menu Windows","Note: To temporarily change your view of the page, from the hamburger menu   (Windows)","or the View menu macOS, choose View - Rotate view - Rotate view right or Rotate view","or the View menu (macOS), choose View > Rotate view > Rotate view right or Rotate view",0.06,0,1,0,0,12,12,0,0,1,0,0,0,0,0,0,1,1,0,1,0,0,0,1,0,0,0,1,3,3,1
"or the View menu macOS, choose View - Rotate view - Rotate view right or Rotate view","or the View menu (macOS), choose View > Rotate view > Rotate view right or Rotate view",left . The original page orientation is restored the next time you open the PDF.,left. The original page orientation is restored the next time you open the PDF.,0,0,1,0,0,12,12,0,0,0,1,0,0,0,0,0,1,1,0,1,0,0,0,1,0,0,0,1,3,3,1
Extract pages from a PDF,Extract pages from a PDF,Extraction is reusing selected pages of one PDF in a different PDF. Extracted pages include the,Extraction is reusing selected pages of one PDF in a different PDF. Extracted pages include the,2,0,1,0,0,24,12,-12,0,1,0,0,1,0,0,0,0,1,0,0,0,0,0,1,1,0,0,0,4,4,0
Extraction is reusing selected pages of one PDF in a different PDF. Extracted pages include the,Extraction is reusing selected pages of one PDF in a different PDF. Extracted pages include the,"content and the form fields, comments, and links of the original document.","content and the form fields, comments, and links of the original document.",0.01,0,1,0,1,12,12,0,0,0,0,1,0,0,0,1,0,1,0,1,0,0,0,1,0,0,0,1,4,4,1
"content and the form fields, comments, and links of the original document.","content and the form fields, comments, and links of the original document.",You can leave the extracted pages in the original document or remove them during,You can leave the extracted pages in the original document or remove them during,1,0,1,1,1,12,12,0,1,0,0,0,0,0,0,1,1,1,1,0,0,0,0,1,0,0,0,1,4,4,0
You can leave the extracted pages in the original document or remove them during,You can leave the extracted pages in the original document or remove them during,extraction.,extraction.,0,0,1,1,0,12,12,0,1,0,0,0,0,0,0,1,1,1,0,1,0,0,0,1,0,0,0,1,4,4,1
extraction.,extraction.,Note: Any bookmarks or article threadings associated with pages aren't extracted.,Note: Any bookmarks or article threadings associated with pages aren't extracted.,1.87,0,1,0,0,12,12,0,0,0,1,0,0,0,0,0,1,1,1,0,0,0,0,1,0,0,0,1,4,4,0
Note: Any bookmarks or article threadings associated with pages aren't extracted.,Note: Any bookmarks or article threadings associated with pages aren't extracted.,"1. Open the PDF in Acrobat. From the upper left, select All Tools    - Organize pages.","1. Open the PDF in Acrobat. From the upper left, select All Tools > Organize pages.",1.89,18,0,0,0,12,12,0,0,1,0,0,0,0,0,0,1,1,1,0,0,0,0,1,0,0,0,1,4,4,0
"1. Open the PDF in Acrobat. From the upper left, select All Tools    - Organize pages.","1. Open the PDF in Acrobat. From the upper left, select All Tools > Organize pages.",2. Specify the page range or the pages you want to extract. Select the drop-down menu,2. Specify the page range or the pages you want to extract. Select the drop-down menu,1,0,1,0,0,12,12,0,1,0,0,0,0,0,0,1,1,1,1,0,0,0,0,1,0,0,0,1,4,4,0
2. Specify the page range or the pages you want to extract. Select the drop-down menu,2. Specify the page range or the pages you want to extract. Select the drop-down menu,"under PAGES SELECTED, then select the appropriate option. Alternatively, you can","under PAGES SELECTED, then select the appropriate option. Alternatively, you can",0.02,18,0,0,0,12,12,0,1,0,0,0,0,0,0,1,1,1,0,1,0,0,0,1,0,0,0,1,4,4,1
"under PAGES SELECTED, then select the appropriate option. Alternatively, you can","under PAGES SELECTED, then select the appropriate option. Alternatively, you can",enter the page number you want to operate on.,enter the page number you want to operate on.,0,0,1,0,0,12,12,0,1,0,0,0,0,0,0,1,1,1,0,1,0,0,0,1,0,0,0,1,4,4,1
enter the page number you want to operate on.,enter the page number you want to operate on.,3. Select Extract pages under PAGE OPTIONS .,3. Select Extract pages   under PAGE OPTIONS.,1.02,-18,0,0,0,12,12,0,1,0,0,0,0,0,0,1,1,1,1,0,0,0,0,1,0,0,0,1,4,4,0
3. Select Extract pages under PAGE OPTIONS .,3. Select Extract pages   under PAGE OPTIONS.,"4. In the dialog, select one or more of the following before you select Extract :","4. In the dialog, select one or more of the following before you select Extract:",1.02,0,1,0,0,12,12,0,1,0,0,0,0,0,0,1,1,1,1,0,0,0,0,1,0,0,0,1,4,4,0
"4. In the dialog, select one or more of the following before you select Extract :","4. In the dialog, select one or more of the following before you select Extract:","To remove the extracted pages from the original document, select Delete","To remove the extracted pages from the original document, select Delete",2.74,54,0,0,1,12,12,0,1,0,0,0,0,0,0,1,1,1,1,0,0,0,0,1,0,0,0,1,4,4,0
"To remove the extracted pages from the original document, select Delete","To remove the extracted pages from the original document, select Delete",pages after extracting .,pages after extracting.,0,0,1,1,0,12,12,0,0,0,1,0,0,0,0,0,1,1,0,1,0,0,0,1,0,0,0,1,4,4,1
pages after extracting .,pages after extracting.,"To create a single-page PDF for each extracted page, select Extract pages as","To create a single-page PDF for each extracted page, select Extract pages as",0.63,0,1,0,1,12,12,0,0,1,0,0,0,0,0,0,1,1,1,0,0,0,0,1,0,0,0,1,4,4,0
"To create a single-page PDF for each extracted page, select Extract pages as","To create a single-page PDF for each extracted page, select Extract pages as",separate files .,separate files.,0,0,1,1,0,12,12,0,0,0,1,0,0,0,0,0,1,1,0,1,0,0,0,1,0,0,0,1,4,4,1
separate files .,separate files.,To keep the original pages intact and create a single PDF for the extracted,To keep the original pages intact and create a single PDF for the extracted,0.61,0,1,0,1,12,12,0,0,1,0,0,0,0,0,0,1,1,1,0,0,0,0,1,0,0,0,1,4,4,0
To keep the original pages intact and create a single PDF for the extracted,To keep the original pages intact and create a single PDF for the extracted,"pages, deselect both options.","pages, deselect both options.",0,0,1,1,0,12,12,0,1,0,0,0,0,0,0,1,1,1,0,1,0,0,0,1,0,0,0,1,4,4,1
"pages, deselect both options.","pages, deselect both options.",The extracted pages are placed in a new document.,The extracted pages are placed in a new document.,1,-72,0,0,0,12,12,0,1,0,0,0,0,0,0,1,1,1,1,0,0,0,0,1,0,0,0,1,4,4,0
The extracted pages are placed in a new document.,The extracted pages are placed in a new document.,Note: The creator of a PDF document can set the security to prevent the extraction of pages.,Note: The creator of a PDF document can set the security to prevent the extraction of pages.,1.86,0,1,0,0,12,12,0,0,0,1,0,0,0,0,0,1,1,1,0,0,0,0,1,0,0,0,1,4,4,0
Note: The creator of a PDF document can set the security to prevent the extraction of pages.,Note: The creator of a PDF document can set the security to prevent the extraction of pages.,"To view the security settings for a document, choose Document properties from the","To view the security settings for a document, choose Document properties from the",0.03,0,1,0,0,12,12,0,0,1,0,0,0,0,0,0,1,1,1,0,0,0,0,1,0,0,0,1,4,4,1
"To view the security settings for a document, choose Document properties from the","To view the security settings for a document, choose Document properties from the",hamburger menu Windows or File menu in macOS and then select the Security tab in,(Windows) or File menu in macOS and then select the Security tab in,0.03,102.3,0,0,0,12,12,0,1,0,0,0,0,0,0,1,1,1,0,1,0,0,0,1,0,0,0,1,4,4,1
hamburger menu Windows or File menu in macOS and then select the Security tab in,(Windows) or File menu in macOS and then select the Security tab in,the dialog.,the dialog.,0.01,-102.3,0,0,0,12,12,0,1,0,0,0,0,0,0,1,1,1,0,1,0,0,0,1,0,0,0,1,4,4,1
the dialog.,the dialog.,Extract random pages from a PDF,Extract random pages from a PDF,4.48,0,1,0,0,12,16.02,4.02,0,0,1,0,0,0,0,0,1,1,1,0,0,0,0,1,0,1,0,0,4,4,0
Extract random pages from a PDF,Extract random pages from a PDF,You can also select and extract discontinuous pages from the page thumbnails in the right,You can also select and extract discontinuous pages from the page thumbnails in the right,1,0,1,0,1,16.02,12,-4.02,0,1,0,0,0,0,0,0,1,1,0,0,0,0,0,1,1,0,0,0,4,4,0
You can also select and extract discontinuous pages from the page thumbnails in the right,You can also select and extract discontinuous pages from the page thumbnails in the right,navigation pane of Acrobat.,navigation pane of Acrobat.,0,0,1,1,0,12,12,0,1,0,0,0,0,0,0,1,1,1,0,1,0,0,0,1,0,0,0,1,4,4,1
navigation pane of Acrobat.,navigation pane of Acrobat.,"1. Open the PDF in Acrobat. From the upper left, select All Tools    - Organize pages.","1. Open the PDF in Acrobat. From the upper left, select All Tools > Organize pages.",1.02,18,0,0,0,12,12,0,1,0,0,0,0,0,0,1,1,1,1,0,0,0,0,1,0,0,0,1,4,4,0
"1. Open the PDF in Acrobat. From the upper left, select All Tools    - Organize pages.","1. Open the PDF in Acrobat. From the upper left, select All Tools > Organize pages.","2. Specify the pages which you want to extract separated with a comma. For example, if","2. Specify the pages which you want to extract separated with a comma. For example, if",1,0,1,0,0,12,12,0,1,0,0,0,0,0,0,1,1,1,1,0,0,0,0,1,0,0,0,1,4,4,0
"2. Specify the pages which you want to extract separated with a comma. For example, if","2. Specify the pages which you want to extract separated with a comma. For example, if","you want to extract pages 3 and 5, enter 3, 5 in the pages field under PAGES","you want to extract pages 3 and 5, enter 3, 5 in the pages field under PAGES",0,18,0,0,1,12,12,0,1,0,0,0,0,0,0,1,1,1,0,1,0,0,0,1,0,0,0,1,4,4,1
"you want to extract pages 3 and 5, enter 3, 5 in the pages field under PAGES","you want to extract pages 3 and 5, enter 3, 5 in the pages field under PAGES",SELECTED.,SELECTED.,0,0,1,1,0,12,12,0,1,0,0,0,0,0,0,1,1,1,0,0,0,0,0,1,0,0,0,1,4,4,1
Select the Extract pages under PAGE OPTIONS .,Select the Extract pages   under PAGE OPTIONS.,"3. In the dialog, select one or more of the following before you select Extract :","3. In the dialog, select one or more of the following before you select Extract:",1613.56,-18,0,0,0,12,12,0,1,0,0,0,0,0,0,1,1,1,1,0,0,0,0,1,0,0,0,1,5,5,0
"3. In the dialog, select one or more of the following before you select Extract :","3. In the dialog, select one or more of the following before you select Extract:","To remove the extracted pages from the original document, select Delete","To remove the extracted pages from the original document, select Delete",90.01,54,0,0,1,12,12,0,1,0,0,0,0,0,0,1,1,1,1,0,0,0,0,1,0,0,0,1,5,5,0
"To remove the extracted pages from the original document, select Delete","To remove the extracted pages from the original document, select Delete",pages after extracting .,pages after extracting.,0,0,1,1,0,12,12,0,0,0,1,0,0,0,0,0,1,1,0,1,0,0,0,1,0,0,0,1,5,5,1
pages after extracting .,pages after extracting.,"To create a single-page PDF for each extracted page, select Extract pages as","To create a single-page PDF for each extracted page, select Extract pages as",1.38,0,1,0,1,12,12,0,0,1,0,0,0,0,0,0,1,1,1,0,0,0,0,1,0,0,0,1,5,5,0
"To create a single-page PDF for each extracted page, select Extract pages as","To create a single-page PDF for each extracted page, select Extract pages as",separate files .,separate files.,0,0,1,1,0,12,12,0,0,0,1,0,0,0,0,0,1,1,0,1,0,0,0,1,0,0,0,1,5,5,1
separate files .,separate files.,To keep the original pages intact and create a single PDF for the extracted,To keep the original pages intact and create a single PDF for the extracted,0.62,0,1,0,1,12,12,0,0,1,0,0,0,0,0,0,1,1,1,0,0,0,0,1,0,0,0,1,5,5,0
To keep the original pages intact and create a single PDF for the extracted,To keep the original pages intact and create a single PDF for the extracted,"pages, deselect both options.","pages, deselect both options.",0,0,1,1,0,12,12,0,1,0,0,0,0,0,0,1,1,1,0,1,0,0,0,1,0,0,0,1,5,5,1
"pages, deselect both options.","pages, deselect both options.",The extracted pages are placed in a new document.,The extracted pages are placed in a new document.,90.01,-72,0,0,0,12,12,0,1,0,0,0,0,0,0,1,1,1,1,0,0,0,0,1,0,0,0,1,5,5,0
Split PDFs into multiple documents,Split PDFs into multiple documents,"You can split one or more PDFs into multiple smaller PDFs. When splitting a PDF, you can","You can split one or more PDFs into multiple smaller PDFs. When splitting a PDF, you can",1.97,0,1,1,1,24,12,-12,0,1,0,0,0,0,0,0,1,1,0,0,0,0,0,1,1,0,0,0,6,6,0
"You can split one or more PDFs into multiple smaller PDFs. When splitting a PDF, you can","You can split one or more PDFs into multiple smaller PDFs. When splitting a PDF, you can","specify the split by the maximum number of pages, maximum file size, or top-level","specify the split by the maximum number of pages, maximum file size, or top-level",0,0,1,1,1,12,12,0,1,0,0,0,0,0,0,1,1,1,0,1,0,0,0,1,0,0,0,1,6,6,1
"specify the split by the maximum number of pages, maximum file size, or top-level","specify the split by the maximum number of pages, maximum file size, or top-level",bookmarks.,bookmarks.,0,0,1,1,0,12,12,0,1,0,0,0,0,0,0,1,1,1,0,1,0,0,0,1,0,0,0,1,6,6,1
bookmarks.,bookmarks.,"1. Open the PDF in Acrobat. From the upper left, select All Tools    - Organize pages.","1. Open the PDF in Acrobat. From the upper left, select All Tools > Organize pages.",1,18,0,0,0,12,12,0,1,0,0,0,0,0,0,1,1,1,1,0,0,0,0,1,0,0,0,1,6,6,0
"1. Open the PDF in Acrobat. From the upper left, select All Tools    - Organize pages.","1. Open the PDF in Acrobat. From the upper left, select All Tools > Organize pages.","2. In the left pane, under PAGE OPTIONS, select Split. A command dialog appears for","2. In the left pane, under PAGE OPTIONS, select Split. A command dialog appears for",1,0,1,0,0,12,12,0,1,0,0,0,0,0,0,1,1,1,1,0,0,0,0,1,0,0,0,1,6,6,0
"2. In the left pane, under PAGE OPTIONS, select Split. A command dialog appears for","2. In the left pane, under PAGE OPTIONS, select Split. A command dialog appears for",the Split operation.,the Split operation.,0,18,0,0,0,12,12,0,1,0,0,0,0,0,0,1,1,1,0,1,0,0,0,1,0,0,0,1,6,6,1
the Split operation.,the Split operation.,"3. In the Split By list, select the criteria for dividing the document:","3. In the Split By list, select the criteria for dividing the document:",1,-18,0,0,0,12,12,0,1,0,0,0,0,0,0,1,1,1,1,0,0,0,0,1,0,0,0,1,6,6,0
"3. In the Split By list, select the criteria for dividing the document:","3. In the Split By list, select the criteria for dividing the document:",Number of pages,Number of pages,3.66,18,0,0,0,12,12,0,0,0,1,0,0,0,0,0,1,1,1,0,0,0,0,1,0,0,0,1,6,6,0
Number of pages,Number of pages,Specify the maximum number of pages for each document in the split.,Specify the maximum number of pages for each document in the split.,0,0,1,0,1,12,12,0,0,1,0,0,0,0,0,0,1,1,0,0,0,0,0,1,0,0,0,1,6,6,0
Specify the maximum number of pages for each document in the split.,Specify the maximum number of pages for each document in the split.,File Size,File Size,3.65,0,1,1,0,12,12,0,0,0,1,0,0,0,0,0,1,1,1,0,0,0,0,1,0,0,0,1,6,6,0
File Size,File Size,Specify the maximum file size for each document in the split.,Specify the maximum file size for each document in the split.,0.01,0,1,0,1,12,12,0,0,1,0,0,0,0,0,0,1,1,0,0,0,0,0,1,0,0,0,1,6,6,0
Specify the maximum file size for each document in the split.,Specify the maximum file size for each document in the split.,Top-level Bookmarks,Top-level Bookmarks,3.65,0,1,1,0,12,12,0,0,0,1,0,0,0,0,0,1,1,1,0,0,0,0,1,0,0,0,1,6,6,0
Top-level Bookmarks,Top-level Bookmarks,"If the document includes bookmarks, it creates one document for every top-level","If the document includes bookmarks, it creates one document for every top-level",0,0,1,0,1,12,12,0,0,1,0,0,0,0,0,0,1,1,0,0,0,0,0,1,0,0,0,1,6,6,1
"If the document includes bookmarks, it creates one document for every top-level","If the document includes bookmarks, it creates one document for every top-level",bookmark.,bookmark.,0,0,1,1,0,12,12,0,1,0,0,0,0,0,0,1,1,1,0,1,0,0,0,1,0,0,0,1,6,6,1
bookmark.,bookmark.,"4. To specify a target folder for the split files and filename preferences, select Output","4. To specify a target folder for the split files and filename preferences, select Output",1,-18,0,0,0,12,12,0,1,0,0,0,0,0,0,1,1,1,1,0,0,0,0,1,0,0,0,1,6,6,0
"4. To specify a target folder for the split files and filename preferences, select Output","4. To specify a target folder for the split files and filename preferences, select Output","Options . Specify the options as needed, and then select OK .","Options. Specify the options as needed, and then select OK.",0,18,0,0,0,12,12,0,0,0,1,0,0,0,0,0,1,1,0,0,0,0,0,1,0,0,0,1,6,6,1
"Options . Specify the options as needed, and then select OK .","Options. Specify the options as needed, and then select OK.",5. Select Split .,5. Select Split.,1.01,-18,0,0,0,12,12,0,0,1,0,0,0,0,0,0,1,1,1,0,0,0,0,1,0,0,0,1,6,6,0
5. Select Split .,5. Select Split.,Split multiple PDFs,Split multiple PDFs,3.57,-18,0,0,0,12,16.02,4.02,0,0,1,0,0,0,0,0,1,1,1,0,0,0,0,1,0,1,0,0,6,6,0
Split multiple PDFs,Split multiple PDFs,"1. Open the PDF in Acrobat. From the upper left, select All Tools    - Organize pages.","1. Open the PDF in Acrobat. From the upper left, select All Tools > Organize pages.",0.02,18,0,0,0,16.02,12,-4.02,0,1,0,0,0,0,0,0,1,1,0,0,0,0,0,1,1,0,0,0,6,6,0
"1. Open the PDF in Acrobat. From the upper left, select All Tools    - Organize pages.","1. Open the PDF in Acrobat. From the upper left, select All Tools > Organize pages.","2. In the left pane, under PAGE OPTIONS, select Split. A command dialog appears for","2. In the left pane, under PAGE OPTIONS, select Split. A command dialog appears for",1,0,1,0,0,12,12,0,1,0,0,0,0,0,0,1,1,1,1,0,0,0,0,1,0,0,0,1,6,6,0
"2. In the left pane, under PAGE OPTIONS, select Split. A command dialog appears for","2. In the left pane, under PAGE OPTIONS, select Split. A command dialog appears for",the Split operation.,the Split operation.,0,18,0,0,0,12,12,0,1,0,0,0,0,0,0,1,1,1,0,1,0,0,0,1,0,0,0,1,6,6,1
the Split operation.,the Split operation.,"3. In the Split by list, select the criteria for dividing the document:","3. In the Split by list, select the criteria for dividing the document:",1,-18,0,0,0,12,12,0,1,0,0,0,0,0,0,1,1,1,1,0,0,0,0,1,0,0,0,1,6,6,0
"3. In the Split by list, select the criteria for dividing the document:","3. In the Split by list, select the criteria for dividing the document:",Number of pages,Number of pages,3.65,18,0,0,0,12,12,0,0,0,1,0,0,0,0,0,1,1,1,0,0,0,0,1,0,0,0,1,6,6,0
Number of pages,Number of pages,Specify the maximum number of pages for each document in the split.,Specify the maximum number of pages for each document in the split.,0,0,1,0,1,12,12,0,0,1,0,0,0,0,0,0,1,1,0,0,0,0,0,1,0,0,0,1,6,6,0
File Size,File Size,Specify the maximum file size for each document in the split.,Specify the maximum file size for each document in the split.,0.3,0,1,0,1,12,12,0,0,1,0,0,0,0,0,0,1,1,0,0,0,0,0,1,0,0,0,1,7,7,0
Specify the maximum file size for each document in the split.,Specify the maximum file size for each document in the split.,Top-level Bookmarks,Top-level Bookmarks,232.48,0,1,1,0,12,12,0,0,0,1,0,0,0,0,0,1,1,1,0,0,0,0,1,0,0,0,1,7,7,0
Top-level Bookmarks,Top-level Bookmarks,"If the document includes bookmarks, it creates one document for every top-level","If the document includes bookmarks, it creates one document for every top-level",0.3,0,1,0,1,12,12,0,0,1,0,0,0,0,0,0,1,1,0,0,0,0,0,1,0,0,0,1,7,7,0
"If the document includes bookmarks, it creates one document for every top-level","If the document includes bookmarks, it creates one document for every top-level",bookmark.,bookmark.,0,0,1,1,0,12,12,0,1,0,0,0,0,0,0,1,1,1,0,1,0,0,0,1,0,0,0,1,7,7,1
bookmark.,bookmark.,"4. To specify a target folder for the split files and filename preferences, select Output","4. To specify a target folder for the split files and filename preferences, select Output",63.49,-18,0,0,0,12,12,0,1,0,0,0,0,0,0,1,1,1,1,0,0,0,0,1,0,0,0,1,7,7,0
"4. To specify a target folder for the split files and filename preferences, select Output","4. To specify a target folder for the split files and filename preferences, select Output","Options . Specify the options as needed, and then select OK .","Options. Specify the options as needed, and then select OK.",0,18,0,0,0,12,12,0,0,0,1,0,0,0,0,0,1,1,0,0,0,0,0,1,0,0,0,1,7,7,1
"Options . Specify the options as needed, and then select OK .","Options. Specify the options as needed, and then select OK.","5. Select Split multiple files . Select Add Files, and choose Add Files, Add Folders,","5. Select Split multiple files. Select Add Files, and choose Add Files, Add Folders,",64.29,-18,0,0,0,12,12,0,0,1,0,0,0,0,0,0,1,1,1,0,0,0,0,1,0,0,0,1,7,7,0
"5. Select Split multiple files . Select Add Files, and choose Add Files, Add Folders,","5. Select Split multiple files. Select Add Files, and choose Add Files, Add Folders,","or Add Open Files . Select the files or folder, and then select OK . Select Split .","or Add Open Files. Select the files or folder, and then select OK. Select Split.",1,18,0,0,0,12,12,0,1,0,0,0,0,0,0,1,1,1,0,1,0,0,0,1,0,0,0,1,7,7,1
Move or copy pages in a PDF,Move or copy pages in a PDF,"To copy or move pages within a document, use the page thumbnails in the right navigation","To copy or move pages within a document, use the page thumbnails in the right navigation",111.38,0,1,0,1,24,12,-12,0,1,0,0,0,0,0,0,1,1,0,0,0,0,0,1,1,0,0,0,8,8,0
"To copy or move pages within a document, use the page thumbnails in the right navigation","To copy or move pages within a document, use the page thumbnails in the right navigation",pane or the document area. You can also transfer pages between documents using these,pane or the document area. You can also transfer pages between documents using these,0,0,1,1,1,12,12,0,1,0,0,0,0,0,0,1,1,1,0,1,0,0,0,1,0,0,0,1,8,8,1
pane or the document area. You can also transfer pages between documents using these,pane or the document area. You can also transfer pages between documents using these,"thumbnails. In the Organize Pages view, drag and drop thumbnails to rearrange pages, or","thumbnails. In the Organize Pages view, drag and drop thumbnails to rearrange pages, or",0,0,1,1,1,12,12,0,1,0,0,0,0,0,0,1,1,1,0,1,0,0,0,1,0,0,0,1,8,8,1
"thumbnails. In the Organize Pages view, drag and drop thumbnails to rearrange pages, or","thumbnails. In the Organize Pages view, drag and drop thumbnails to rearrange pages, or",select a thumbnail and copy it as needed.,select a thumbnail and copy it as needed.,0,0,1,1,0,12,12,0,1,0,0,0,0,0,0,1,1,1,0,1,0,0,0,1,0,0,0,1,8,8,1
select a thumbnail and copy it as needed.,select a thumbnail and copy it as needed.,Move or copy a page,Move or copy a page,200.65,0,1,0,0,12,16.02,4.02,0,0,1,0,0,0,0,0,1,1,1,0,0,0,0,1,0,1,0,0,8,8,0
Move or copy a page,Move or copy a page,"1. Open the PDF in Acrobat, and select All tools    - Organize pages . The page thumbnails","1. Open the PDF in Acrobat, and select All tools > Organize pages.  The page thumbnails",1,18,0,0,0,16.02,12,-4.02,0,1,0,0,0,0,0,0,1,1,0,0,0,0,0,1,1,0,0,0,8,8,0
"1. Open the PDF in Acrobat, and select All tools    - Organize pages . The page thumbnails","1. Open the PDF in Acrobat, and select All tools > Organize pages.  The page thumbnails",are displayed in the Document area.,are displayed in the Document area.,0,18,0,0,0,12,12,0,1,0,0,0,0,0,0,1,1,1,0,1,0,0,0,1,0,0,0,1,8,8,1
are displayed in the Document area.,are displayed in the Document area.,2. Select one or more page thumbnails.,2. Select one or more page thumbnails.,55.51,-18,0,0,0,12,12,0,1,0,0,0,0,0,0,1,1,1,1,0,0,0,0,1,0,0,0,1,8,8,0
2. Select one or more page thumbnails.,2. Select one or more page thumbnails.,3. Do one of the following:,3. Do one of the following:,55.51,0,1,0,0,12,12,0,1,0,0,0,0,0,0,1,1,1,1,0,0,0,0,1,0,0,0,1,8,8,0
3. Do one of the following:,3. Do one of the following:,"To move a page, drag the corresponding page thumbnail to the new location.","To move a page, drag the corresponding page thumbnail to the new location.",206.96,54,0,0,1,12,12,0,1,0,0,0,0,0,0,1,1,1,1,0,0,0,0,1,0,0,0,1,8,8,0
"To move a page, drag the corresponding page thumbnail to the new location.","To move a page, drag the corresponding page thumbnail to the new location.",A bar will appear to show the new position of the page thumbnail. The pages,A bar will appear to show the new position of the page thumbnail. The pages,0,0,1,1,1,12,12,0,1,0,0,0,0,0,0,1,1,1,1,0,0,0,0,1,0,0,0,1,8,8,1
A bar will appear to show the new position of the page thumbnail. The pages,A bar will appear to show the new position of the page thumbnail. The pages,will be renumbered.,will be renumbered.,0,0,1,1,0,12,12,0,1,0,0,0,0,0,0,1,1,1,0,1,0,0,0,1,0,0,0,1,8,8,1
will be renumbered.,will be renumbered.,"To cut or copy a page, select the page, and then select the ellipsis icon in the","To cut or copy a page, select the page, and then select the ellipsis icon   in the",33.31,0,1,0,1,12,12,0,1,0,0,0,0,0,0,1,1,1,1,0,0,0,0,1,0,0,0,1,8,8,0
"To cut or copy a page, select the page, and then select the ellipsis icon in the","To cut or copy a page, select the page, and then select the ellipsis icon   in the",context menu bar displayed next to it. Select Cut or Copy from the context,context menu bar displayed next to it. Select Cut or Copy from the context,0.89,0,1,1,1,12,12,0,1,0,0,0,0,0,0,1,1,1,0,1,0,0,0,1,0,0,0,1,8,8,1
context menu bar displayed next to it. Select Cut or Copy from the context,context menu bar displayed next to it. Select Cut or Copy from the context,menu. Select between the page thumbnails where you want to paste the page.,menu. Select between the page thumbnails where you want to paste the page.,0,0,1,1,1,12,12,0,1,0,0,0,0,0,0,1,1,1,0,1,0,0,0,1,0,0,0,1,8,8,1
menu. Select between the page thumbnails where you want to paste the page.,menu. Select between the page thumbnails where you want to paste the page.,A blue horizontal marker shows the selected location where you want to paste.,A blue horizontal marker shows the selected location where you want to paste.,0,0,1,1,1,12,12,0,1,0,0,0,0,0,0,1,1,1,1,0,0,0,0,1,0,0,0,1,8,8,1
A blue horizontal marker shows the selected location where you want to paste.,A blue horizontal marker shows the selected location where you want to paste.,Select Paste from the context menu. You can paste the pages in another PDF as,Select Paste from the context menu. You can paste the pages in another PDF as,0.89,0,1,1,0,12,12,0,1,0,0,0,0,0,0,1,1,1,1,0,0,0,0,1,0,0,0,1,8,8,1
Select Paste from the context menu. You can paste the pages in another PDF as,Select Paste from the context menu. You can paste the pages in another PDF as,well.,well.,0,0,1,0,0,12,12,0,1,0,0,0,0,0,0,1,1,1,0,1,0,0,0,1,0,0,0,1,8,8,1
well.,well.,Note: You can also move or copy pages by selecting the Page Thumbnails button from,Note: You can also move or copy pages by selecting the Page Thumbnails,100.81,-72,0,0,0,12,12,0,0,0,1,0,0,0,0,0,1,1,1,0,0,0,0,1,0,0,0,1,8,8,0
Note: You can also move or copy pages by selecting the Page Thumbnails button from,Note: You can also move or copy pages by selecting the Page Thumbnails,the right pane.,the right pane.,0.71,0,1,0,0,12,12,0,0,1,0,0,0,0,0,0,1,1,0,1,0,0,0,1,0,0,0,1,8,8,1
the right pane.,the right pane.,Copy a page between two PDFs,Copy a page between two PDFs,145.58,0,1,0,0,12,16.02,4.02,0,0,1,0,0,0,0,0,1,1,1,0,0,0,0,1,0,1,0,0,8,8,0
Copy a page between two PDFs,Copy a page between two PDFs,1. Open both PDFs and display them alongside each other.,1. Open both PDFs and display them alongside each other.,0.11,18,0,0,0,16.02,12,-4.02,0,1,0,0,0,0,0,0,1,1,0,0,0,0,0,1,1,0,0,0,8,8,0
1. Open both PDFs and display them alongside each other.,1. Open both PDFs and display them alongside each other.,"To display the PDFs side by side, select Window from the hamburger","To display the PDFs side by side, select Window from the hamburger",151.89,18,0,0,0,12,12,0,1,0,0,0,0,0,0,1,1,1,1,0,0,0,0,1,0,0,0,1,8,8,0
"To display the PDFs side by side, select Window from the hamburger","To display the PDFs side by side, select Window from the hamburger",menu Windows or the Window menu macOS. Then select Tile    - Vertically .,(Windows) or the Window menu (macOS). Then select Tile > Vertically.,1.78,43.86,0,0,0,12,12,0,1,0,0,0,0,0,0,1,1,1,0,1,0,0,0,1,0,0,0,1,8,8,1
menu Windows or the Window menu macOS. Then select Tile    - Vertically .,(Windows) or the Window menu (macOS). Then select Tile > Vertically.,2. Select All tools   - Organize pages . The page thumbnails are displayed in the,2. Select All tools > Organize pages. The page thumbnails are displayed in the,56.4,-61.86,0,0,0,12,12,0,1,0,0,0,0,0,0,1,1,1,1,0,0,0,0,1,0,0,0,1,8,8,0
2. Select All tools   - Organize pages . The page thumbnails are displayed in the,2. Select All tools > Organize pages. The page thumbnails are displayed in the,Document area.,Document area.,0,18,0,0,0,12,12,0,1,0,0,0,0,0,0,1,1,1,0,0,0,0,0,1,0,0,0,1,8,8,1
Document area.,Document area.,3. Select the page thumbnail of the page you want to cut or copy. To select multiple,3. Select the page thumbnail of the page you want to cut or copy. To select multiple,55.51,-18,0,0,0,12,12,0,1,0,0,0,0,0,0,1,1,1,1,0,0,0,0,1,0,0,0,1,8,8,0
3. Select the page thumbnail of the page you want to cut or copy. To select multiple,3. Select the page thumbnail of the page you want to cut or copy. To select multiple,"pages, press Ctrl Windows or command macOS and then select the pages. From","pages, press Ctrl (Windows) or command (macOS) and then select the pages. From",0,18,0,0,1,12,12,0,1,0,0,0,0,0,0,1,1,1,0,1,0,0,0,1,0,0,0,1,8,8,1
"pages, press Ctrl Windows or command macOS and then select the pages. From","pages, press Ctrl (Windows) or command (macOS) and then select the pages. From","the page thumbnail context menu, select Copy .","the page thumbnail context menu, select Copy.",0.89,0,1,1,0,12,12,0,1,0,0,0,0,0,0,1,1,1,0,1,0,0,0,1,0,0,0,1,8,8,1
"4. In the page thumbnails of the target PDF, select between the page thumbnails where","4. In the page thumbnails of the target PDF, select between the page thumbnails where",you want to insert the page. A blue horizontal marker indicates the location where you,you want to insert the page. A blue horizontal marker indicates the location where you,0,18,0,0,1,12,12,0,1,0,0,0,0,0,0,1,1,1,0,1,0,0,0,1,0,0,0,1,9,9,1
you want to insert the page. A blue horizontal marker indicates the location where you,you want to insert the page. A blue horizontal marker indicates the location where you,want to paste. Right-select and choose Paste .,want to paste. Right-select and choose Paste.,1,0,1,1,0,12,12,0,1,0,0,0,0,0,0,1,1,1,0,1,0,0,0,1,0,0,0,1,9,9,1
want to paste. Right-select and choose Paste .,want to paste. Right-select and choose Paste.,"The page is copied into the document, and the pages are renumbered. You can paste","The page is copied into the document, and the pages are renumbered. You can paste",62.5,0,1,0,1,12,12,0,1,0,0,0,0,0,0,1,1,1,1,0,0,0,0,1,0,0,0,1,9,9,0
"The page is copied into the document, and the pages are renumbered. You can paste","The page is copied into the document, and the pages are renumbered. You can paste","the pages in another PDF as well. Alternatively, you can also drag the page thumbnail","the pages in another PDF as well. Alternatively, you can also drag the page thumbnail",0,0,1,1,1,12,12,0,1,0,0,0,0,0,0,1,1,1,0,1,0,0,0,1,0,0,0,1,9,9,1
"the pages in another PDF as well. Alternatively, you can also drag the page thumbnail","the pages in another PDF as well. Alternatively, you can also drag the page thumbnail",into the Page Thumbnails panel of the target PDF.,into the Page Thumbnails panel of the target PDF.,1,0,1,1,0,12,12,0,1,0,0,0,0,0,0,1,1,1,0,1,0,0,0,1,0,0,0,1,9,9,1
Delete or replace pages in a PDF,Delete or replace pages in a PDF,You can replace an entire PDF page with another PDF page. Only the text and images on the,You can replace an entire PDF page with another PDF page. Only the text and images on the,124.97,0,1,0,1,24,12,-12,0,1,0,0,0,0,0,0,1,1,0,0,0,0,0,1,1,0,0,0,10,10,0
You can replace an entire PDF page with another PDF page. Only the text and images on the,You can replace an entire PDF page with another PDF page. Only the text and images on the,"original page are replaced. Any interactive elements associated with the original page, such as","original page are replaced. Any interactive elements associated with the original page, such as",0,0,1,1,1,12,12,0,1,0,0,0,0,0,0,1,1,1,0,1,0,0,0,1,0,0,0,1,10,10,1
"original page are replaced. Any interactive elements associated with the original page, such as","original page are replaced. Any interactive elements associated with the original page, such as","links and bookmarks, aren't affected. Likewise, bookmarks and links that may have been","links and bookmarks, aren't affected. Likewise, bookmarks and links that may have been",0,0,1,1,1,12,12,0,1,0,0,0,0,0,0,1,1,1,0,1,0,0,0,1,0,0,0,1,10,10,1
"links and bookmarks, aren't affected. Likewise, bookmarks and links that may have been","links and bookmarks, aren't affected. Likewise, bookmarks and links that may have been","previously associated with the replacement page don't carry over. Comments, however, are","previously associated with the replacement page don't carry over. Comments, however, are",0,0,1,1,1,12,12,0,1,0,0,0,0,0,0,1,1,1,0,1,0,0,0,1,0,0,0,1,10,10,1
"previously associated with the replacement page don't carry over. Comments, however, are","previously associated with the replacement page don't carry over. Comments, however, are",carried over and are combined with any existing comments in the document.,carried over and are combined with any existing comments in the document.,0,0,1,1,1,12,12,0,1,0,0,0,0,0,0,1,1,1,0,1,0,0,0,1,0,0,0,1,10,10,1
carried over and are combined with any existing comments in the document.,carried over and are combined with any existing comments in the document.,"After you delete or replace pages, it’s a good idea to use the Reduce File Size command to","After you delete or replace pages, it’s a good idea to use the Reduce File Size command to",63.53,0,1,1,0,12,12,0,1,0,0,0,0,0,0,1,1,1,1,0,0,0,0,1,0,0,0,1,10,10,0
"After you delete or replace pages, it’s a good idea to use the Reduce File Size command to","After you delete or replace pages, it’s a good idea to use the Reduce File Size command to",rename and save the restructured document to the smallest possible file size.,rename and save the restructured document to the smallest possible file size.,0,0,1,0,1,12,12,0,1,0,0,0,0,0,0,1,1,1,0,1,0,0,0,1,0,0,0,1,10,10,1
rename and save the restructured document to the smallest possible file size.,rename and save the restructured document to the smallest possible file size.,Delete multiple pages in a PDF,Delete multiple pages in a PDF,2434.24,0,1,1,0,12,16.02,4.02,0,0,1,0,0,0,0,0,1,1,1,0,0,0,0,1,0,1,0,0,10,10,0
Delete multiple pages in a PDF,Delete multiple pages in a PDF,Note: You can't undo the Delete command.,Note: You can't undo the Delete command.,0.02,0,1,0,0,16.02,10.98,-5.04,1,1,1,0,0,0,0,1,1,1,0,0,0,0,0,1,1,0,0,0,10,10,0
Note: You can't undo the Delete command.,Note: You can't undo the Delete command.,1. Select All tools    - Organize pages . The page thumbnails are displayed in the,1. Select All tools > Organize pages. The page thumbnails are displayed in the,231.5,18,0,0,0,10.98,12,1.02,0,1,0,0,0,0,0,0,1,1,1,0,0,0,0,1,0,0,0,1,10,10,0
1. Select All tools    - Organize pages . The page thumbnails are displayed in the,1. Select All tools > Organize pages. The page thumbnails are displayed in the,Document area.,Document area.,0,18,0,0,0,12,12,0,1,0,0,0,0,0,0,1,1,1,0,0,0,0,0,1,0,0,0,1,10,10,1
Document area.,Document area.,2. Specify the page thumbnail of the pages you want to delete and separate them with a,2. Specify the page thumbnail of the pages you want to delete and separate them with a,0,-18,0,0,0,12,12,0,1,0,0,0,0,0,0,1,1,1,1,0,0,0,0,1,0,0,0,1,10,10,0
2. Specify the page thumbnail of the pages you want to delete and separate them with a,2. Specify the page thumbnail of the pages you want to delete and separate them with a,"comma. For example, if you want to delete pages 3 and 5, enter 3, 5 in the pages field","comma. For example, if you want to delete pages 3 and 5, enter 3, 5 in the pages field",0,18,0,0,1,12,12,0,1,0,0,0,0,0,0,1,1,1,0,1,0,0,0,1,0,0,0,1,10,10,1
"comma. For example, if you want to delete pages 3 and 5, enter 3, 5 in the pages field","comma. For example, if you want to delete pages 3 and 5, enter 3, 5 in the pages field",under PAGES SELECTED . You can also choose from the options given in the dropdown menu.,under PAGES SELECTED.  You can also choose from the options given in the drop-,1,0,1,1,0,12,12,0,1,0,0,0,0,0,0,1,1,1,0,1,0,0,0,1,0,0,0,1,10,10,1
under PAGES SELECTED . You can also choose from the options given in the dropdown menu.,under PAGES SELECTED.  You can also choose from the options given in the drop-,"3. In the left pane, select Delete pages, and the select OK to confirm.","3. In the left pane, select Delete pages",200.61,-18,0,0,0,12,12,0,1,0,0,0,0,0,0,1,1,1,1,0,0,0,0,1,0,0,0,1,10,10,0
You can't delete all pages; at least one page must remain in the document.,You can't delete all pages; at least one page must remain in the document.,Note: If you select Use Logical Page Numbers in the Page Display panel of,Note: If you select Use Logical Page Numbers in the Page Display panel of,1.85,-36,0,1,0,12,12,0,0,0,1,0,0,0,0,0,1,1,1,0,0,0,0,1,0,0,0,1,11,11,0
Note: If you select Use Logical Page Numbers in the Page Display panel of,Note: If you select Use Logical Page Numbers in the Page Display panel of,"the Preferences dialog box, you can enter a page number in parentheses to delete the","the Preferences dialog box, you can enter a page number in parentheses to delete the",0.03,0,1,0,0,12,12,0,0,1,0,0,0,0,0,0,1,1,0,1,0,0,0,1,0,0,0,1,11,11,1
"the Preferences dialog box, you can enter a page number in parentheses to delete the","the Preferences dialog box, you can enter a page number in parentheses to delete the","corresponding page. For example, if the first page in the document is numbered i, you can","corresponding page. For example, if the first page in the document is numbered i, you can",0,0,1,0,1,12,12,0,1,0,0,0,0,0,0,1,1,1,0,1,0,0,0,1,0,0,0,1,11,11,1
"corresponding page. For example, if the first page in the document is numbered i, you can","corresponding page. For example, if the first page in the document is numbered i, you can","enter 1 in the Enter Page Range list, and the page is deleted.","enter (1) in the Enter Page Range list, and the page is deleted.",0,0,1,1,0,12,12,0,1,0,0,0,0,0,0,1,1,1,0,1,0,0,0,1,0,0,0,1,11,11,1
"enter 1 in the Enter Page Range list, and the page is deleted.","enter (1) in the Enter Page Range list, and the page is deleted.",Delete a page in a PDF,Delete a page in a PDF,4.79,0,1,0,0,12,16.02,4.02,0,0,1,0,0,0,0,0,1,1,1,0,0,0,0,1,0,1,0,0,11,11,0
Delete a page in a PDF,Delete a page in a PDF,1. Select All tools    - Organize pages . The page thumbnails are displayed in the,1. Select All tools > Organize pages. The page thumbnails are displayed in the,0.02,18,0,0,0,16.02,12,-4.02,0,1,0,0,0,0,0,0,1,1,0,0,0,0,0,1,1,0,0,0,11,11,0
1. Select All tools    - Organize pages . The page thumbnails are displayed in the,1. Select All tools > Organize pages. The page thumbnails are displayed in the,Document area.,Document area.,0,18,0,0,0,12,12,0,1,0,0,0,0,0,0,1,1,1,0,0,0,0,0,1,0,0,0,1,11,11,1
Document area.,Document area.,"2. Select a page thumbnail of the page you want to delete. Then, select Delete","2. Select a page thumbnail of the page you want to delete. Then, select Delete",0.99,-18,0,0,0,12,12,0,1,0,0,0,0,0,0,1,1,1,1,0,0,0,0,1,0,0,0,1,11,11,0
"2. Select a page thumbnail of the page you want to delete. Then, select Delete","2. Select a page thumbnail of the page you want to delete. Then, select Delete",pages from the contextual toolbar that appears next to the selected page,from the contextual toolbar that appears next to the selected page,1.36,68.22,0,0,1,12,12,0,1,0,0,0,0,0,0,1,1,1,0,1,0,0,0,1,0,0,0,1,11,11,1
pages from the contextual toolbar that appears next to the selected page,from the contextual toolbar that appears next to the selected page,thumbnail.,thumbnail.,0,-50.22,0,1,0,12,12,0,1,0,0,0,0,0,0,1,1,1,0,1,0,0,0,1,0,0,0,1,11,11,1
thumbnail.,thumbnail.,Replace pages in a PDF,Replace pages in a PDF,3.59,-36,0,0,0,12,16.02,4.02,0,0,1,0,0,0,0,0,1,1,1,0,0,0,0,1,0,1,0,0,11,11,0
Replace pages in a PDF,Replace pages in a PDF,1. Open the PDF that contains the pages you want to replace.,1. Open the PDF that contains the pages you want to replace.,0.99,18,0,0,0,16.02,12,-4.02,0,1,0,0,0,0,0,0,1,1,0,0,0,0,0,1,1,0,0,0,11,11,0
1. Open the PDF that contains the pages you want to replace.,1. Open the PDF that contains the pages you want to replace.,2. Select All tools   - Organize pages . The page thumbnails are displayed in the,2. Select All tools > Organize pages. The page thumbnails are displayed in the,1.01,0,1,0,0,12,12,0,1,0,0,0,0,0,0,1,1,1,1,0,0,0,0,1,0,0,0,1,11,11,0
2. Select All tools   - Organize pages . The page thumbnails are displayed in the,2. Select All tools > Organize pages. The page thumbnails are displayed in the,Document area.,Document area.,0,18,0,0,0,12,12,0,1,0,0,0,0,0,0,1,1,1,0,0,0,0,0,1,0,0,0,1,11,11,1
Document area.,Document area.,"3. In the left tools pane, select Replace . The file explorer window appears.","3. In the left tools pane, select Replace. The file explorer window appears.",1.01,-18,0,0,0,12,12,0,1,0,0,0,0,0,0,1,1,1,1,0,0,0,0,1,0,0,0,1,11,11,0
"3. In the left tools pane, select Replace . The file explorer window appears.","3. In the left tools pane, select Replace. The file explorer window appears.",4. Select the document containing the replacement pages.,4. Select the document containing the replacement pages.,0.99,0,1,0,0,12,12,0,1,0,0,0,0,0,0,1,1,1,1,0,0,0,0,1,0,0,0,1,11,11,0
4. Select the document containing the replacement pages.,4. Select the document containing the replacement pages.,"5. In the Replace Pages dialog box, under Original, enter the pages to be replaced in the","5. In the Replace Pages dialog box, under Original, enter the pages to be replaced in the",1.01,0,1,0,0,12,12,0,1,0,0,0,0,0,0,1,1,1,1,0,0,0,0,1,0,0,0,1,11,11,0
"5. In the Replace Pages dialog box, under Original, enter the pages to be replaced in the","5. In the Replace Pages dialog box, under Original, enter the pages to be replaced in the",original document.,original document.,0,18,0,0,0,12,12,0,1,0,0,0,0,0,0,1,1,1,0,1,0,0,0,1,0,0,0,1,11,11,1
original document.,original document.,"6. In the Replace Pages dialog box, under Replacement, enter the first page of the","6. In the Replace Pages dialog box, under Replacement, enter the first page of the",1.01,-18,0,0,0,12,12,0,1,0,0,0,0,0,0,1,1,1,1,0,0,0,0,1,0,0,0,1,11,11,0
"6. In the Replace Pages dialog box, under Replacement, enter the first page of the","6. In the Replace Pages dialog box, under Replacement, enter the first page of the",replacement page range. The last page is calculated based on the number of pages to,replacement page range. The last page is calculated based on the number of pages to,0,18,0,0,1,12,12,0,1,0,0,0,0,0,0,1,1,1,0,1,0,0,0,1,0,0,0,1,11,11,1
replacement page range. The last page is calculated based on the number of pages to,replacement page range. The last page is calculated based on the number of pages to,be replaced in the original document.,be replaced in the original document.,0,0,1,1,0,12,12,0,1,0,0,0,0,0,0,1,1,1,0,1,0,0,0,1,0,0,0,1,11,11,1
be replaced in the original document.,be replaced in the original document.,7. Select OK .,7. Select OK.,1.01,-18,0,0,0,12,12,0,1,0,0,0,0,0,0,1,1,1,1,0,0,0,0,1,0,0,0,1,11,11,0
7. Select OK .,7. Select OK.,Replace pages between multiple PDFs,Replace pages between multiple PDFs,3.59,-18,0,0,0,12,16.02,4.02,0,0,1,0,0,0,0,0,1,1,1,0,0,0,0,1,0,1,0,0,11,11,0
Replace pages between multiple PDFs,Replace pages between multiple PDFs,"1. Open the PDF that contains the pages you want to replace, and then open the PDF","1. Open the PDF that contains the pages you want to replace, and then open the PDF",0,18,0,0,0,16.02,12,-4.02,0,1,0,0,0,0,0,0,1,1,0,0,0,0,0,1,1,0,0,0,11,11,0
"1. Open the PDF that contains the pages you want to replace, and then open the PDF","1. Open the PDF that contains the pages you want to replace, and then open the PDF",that contains the replacement pages.,that contains the replacement pages.,0,18,0,0,0,12,12,0,1,0,0,0,0,0,0,1,1,1,0,1,0,0,0,1,0,0,0,1,11,11,1
that contains the replacement pages.,that contains the replacement pages.,2. Select All tools   - Organize pages for both PDFs. The page thumbnails are displayed in,2. Select All tools > Organize pages for both PDFs. The page thumbnails are displayed in,1.01,-18,0,0,0,12,12,0,1,0,0,0,0,0,0,1,1,1,1,0,0,0,0,1,0,0,0,1,11,11,0
2. Select All tools   - Organize pages for both PDFs. The page thumbnails are displayed in,2. Select All tools > Organize pages for both PDFs. The page thumbnails are displayed in,the Document area.,the Document area.,0,18,0,0,0,12,12,0,1,0,0,0,0,0,0,1,1,1,0,1,0,0,0,1,0,0,0,1,11,11,1
"3. In the PDF containing the replacement pages, select a page or group of pages you","3. In the PDF containing the replacement pages, select a page or group of pages you","want as replacements. For Windows, press Ctrl and then select the pages; for MacOS,","want as replacements. For Windows, press Ctrl and then select the pages; for MacOS,",7864.5,18,0,0,0,12,12,0,1,0,0,0,0,0,0,1,1,1,0,1,0,0,0,1,0,0,0,1,12,12,1
"want as replacements. For Windows, press Ctrl and then select the pages; for MacOS,","want as replacements. For Windows, press Ctrl and then select the pages; for MacOS,",press Command and then select the pages.,press Command and then select the pages.,7864.5,0,1,0,0,12,12,0,1,0,0,0,0,0,0,1,1,1,0,1,0,0,0,1,0,0,0,1,12,12,1
press Command and then select the pages.,press Command and then select the pages.,4. Press Ctrl Windows or command macOS and then drag the selected page,4. Press Ctrl (Windows) or command (macOS) and then drag the selected page,499384.5,-18,0,0,0,12,12,0,1,0,0,0,0,0,0,1,1,1,1,0,0,0,0,1,0,0,0,1,12,12,0
4. Press Ctrl Windows or command macOS and then drag the selected page,4. Press Ctrl (Windows) or command (macOS) and then drag the selected page,thumbnails in the document area of the target document where thumbnails are,thumbnails in the document area of the target document where thumbnails are,-3,18,0,0,1,12,12,0,1,0,0,0,0,0,0,1,1,1,0,1,0,0,0,1,0,0,0,1,12,12,1
thumbnails in the document area of the target document where thumbnails are,thumbnails in the document area of the target document where thumbnails are,displayed. Release the mouse button when the pointer is directly over the page,displayed. Release the mouse button when the pointer is directly over the page,1,0,1,1,1,12,12,0,1,0,0,0,0,0,0,1,1,1,0,1,0,0,0,1,0,0,0,1,12,12,1
displayed. Release the mouse button when the pointer is directly over the page,displayed. Release the mouse button when the pointer is directly over the page,number box of the page thumbnail you want to replace. The corresponding pages are,number box of the page thumbnail you want to replace. The corresponding pages are,1,0,1,1,1,12,12,0,1,0,0,0,0,0,0,1,1,1,0,1,0,0,0,1,0,0,0,1,12,12,1
number box of the page thumbnail you want to replace. The corresponding pages are,number box of the page thumbnail you want to replace. The corresponding pages are,highlighted.,highlighted.,1,0,1,1,0,12,12,0,1,0,0,0,0,0,0,1,1,1,0,1,0,0,0,1,0,0,0,1,12,12,1
highlighted.,highlighted.,The pages you selected in the first document replace an equal number of pages in the,The pages you selected in the first document replace an equal number of pages in the,1336933,0,1,0,1,12,12,0,1,0,0,0,0,0,0,1,1,1,1,0,0,0,0,1,0,0,0,1,12,12,0
The pages you selected in the first document replace an equal number of pages in the,The pages you selected in the first document replace an equal number of pages in the,second document. It starts at the page number that you selected to drop the new,second document. It starts at the page number that you selected to drop the new,1,0,1,1,1,12,12,0,1,0,0,0,0,0,0,1,1,1,0,1,0,0,0,1,0,0,0,1,12,12,1
second document. It starts at the page number that you selected to drop the new,second document. It starts at the page number that you selected to drop the new,pages.,pages.,1,0,1,1,0,12,12,0,1,0,0,0,0,0,0,1,1,1,0,1,0,0,0,1,0,0,0,1,12,12,1
Renumber pages in a PDF,Renumber pages in a PDF,The page numbers on the document pages don't always match the page numbers that appear,The page numbers on the document pages don't always match the page numbers that appear,124.88,0,1,0,1,24,12,-12,0,1,0,0,0,0,0,0,1,1,0,0,0,0,0,1,1,0,0,0,13,13,0
The page numbers on the document pages don't always match the page numbers that appear,The page numbers on the document pages don't always match the page numbers that appear,below the page thumbnails and in the right Page Navigation toolbar. Pages are numbered,below the page thumbnails and in the right Page Navigation toolbar. Pages are numbered,1,0,1,1,0,12,12,0,1,0,0,0,0,0,0,1,1,1,0,1,0,0,0,1,0,0,0,1,13,13,1
below the page thumbnails and in the right Page Navigation toolbar. Pages are numbered,below the page thumbnails and in the right Page Navigation toolbar. Pages are numbered,"with integers, starting with page 1 for the first page of the document. Because some PDFs may","with integers, starting with page 1 for the first page of the document. Because some PDFs may",0,0,1,0,1,12,12,0,1,0,0,0,0,0,0,1,1,1,0,1,0,0,0,1,0,0,0,1,13,13,1
"with integers, starting with page 1 for the first page of the document. Because some PDFs may","with integers, starting with page 1 for the first page of the document. Because some PDFs may","contain front matter, such as a copyright page and table of contents, their body pages may","contain front matter, such as a copyright page and table of contents, their body pages may",0,0,1,1,1,12,12,0,1,0,0,0,0,0,0,1,1,1,0,1,0,0,0,1,0,0,0,1,13,13,1
"contain front matter, such as a copyright page and table of contents, their body pages may","contain front matter, such as a copyright page and table of contents, their body pages may",not follow the numbering shown in the right Page Navigation toolbar.,not follow the numbering shown in the right Page Navigation toolbar.,1,0,1,1,0,12,12,0,1,0,0,0,0,0,0,1,1,1,0,1,0,0,0,1,0,0,0,1,13,13,1
not follow the numbering shown in the right Page Navigation toolbar.,not follow the numbering shown in the right Page Navigation toolbar.,"You can specify various numbering styles for a group of pages, for example, 1, 2, 3, or i, ii, iii, or","You can specify various numbering styles for a group of pages, for example, 1, 2, 3, or i, ii, iii, or",1309.8,0,1,0,1,12,12,0,1,0,0,0,0,0,0,1,1,1,1,0,0,0,0,1,0,0,0,1,13,13,0
"You can specify various numbering styles for a group of pages, for example, 1, 2, 3, or i, ii, iii, or","You can specify various numbering styles for a group of pages, for example, 1, 2, 3, or i, ii, iii, or","a, b, c. You can also customize the numbering system by adding a prefix. For example, pages","a, b, c. You can also customize the numbering system by adding a prefix. For example, pages",0,0,1,1,1,12,12,0,1,0,0,0,0,0,0,1,1,1,0,1,0,0,0,1,0,0,0,1,13,13,1
"a, b, c. You can also customize the numbering system by adding a prefix. For example, pages","a, b, c. You can also customize the numbering system by adding a prefix. For example, pages","in Chapter 1 can be 1-1, 1-2, 1-3, and so on. Chapter 2 can have pages numbered as 2-1, 2-2, 2-3,","in Chapter 1 can be 1-1, 1-2, 1-3, and so on. Chapter 2 can have pages numbered as 2-1, 2-2, 2-3,",0,0,1,1,1,12,12,0,1,0,0,0,0,0,0,1,1,1,0,1,0,0,0,1,0,0,0,1,13,13,1
"in Chapter 1 can be 1-1, 1-2, 1-3, and so on. Chapter 2 can have pages numbered as 2-1, 2-2, 2-3,","in Chapter 1 can be 1-1, 1-2, 1-3, and so on. Chapter 2 can have pages numbered as 2-1, 2-2, 2-3,",and so on.,and so on.,0,0,1,1,0,12,12,0,1,0,0,0,0,0,0,1,1,1,0,1,0,0,0,1,0,0,0,1,13,13,1
and so on.,and so on.,Note: Using the Number Pages command affects only the page thumbnails on,Note: Using the Number Pages command affects only the page thumbnails on,116.48,0,1,0,0,12,12,0,0,0,1,0,0,0,0,0,1,1,1,0,0,0,0,1,0,0,0,1,13,13,0
Note: Using the Number Pages command affects only the page thumbnails on,Note: Using the Number Pages command affects only the page thumbnails on,the Pages panel. You can physically add new page numbers to a PDF using the headers and,the Pages panel. You can physically add new page numbers to a PDF using the headers and,2.3,0,1,0,0,12,12,0,0,1,0,0,0,0,0,0,1,1,0,1,0,0,0,1,0,0,0,1,13,13,1
the Pages panel. You can physically add new page numbers to a PDF using the headers and,the Pages panel. You can physically add new page numbers to a PDF using the headers and,footers feature.,footers feature.,0,0,1,0,0,12,12,0,1,0,0,0,0,0,0,1,1,1,0,1,0,0,0,1,0,0,0,1,13,13,1
footers feature.,footers feature.,1. Select All tools from the global bar. Then select Organize pages > Page labels.,1. Select All tools from the global bar. Then select Organize pages > Page labels.,117.48,18,0,0,0,12,12,0,1,0,0,0,0,0,0,1,1,1,1,0,0,0,0,1,0,0,0,1,13,13,0
1. Select All tools from the global bar. Then select Organize pages > Page labels.,1. Select All tools from the global bar. Then select Organize pages > Page labels.,2. Specify a page range.  Selected implies pages selected in the Page Thumbnails panel.,2. Specify a page range. (Selected implies pages selected in the Page Thumbnails panel.),1,0,1,0,0,12,12,0,1,0,0,0,0,0,0,1,1,1,1,0,0,0,0,1,0,0,0,1,13,13,1
2. Specify a page range.  Selected implies pages selected in the Page Thumbnails panel.,2. Specify a page range. (Selected implies pages selected in the Page Thumbnails panel.),"3. Select one of the following, and then select OK :","3. Select one of the following, and then select OK:",1,0,1,0,0,12,12,0,1,0,0,0,0,0,0,1,1,1,1,0,0,0,0,1,0,0,0,1,13,13,1
"3. Select one of the following, and then select OK :","3. Select one of the following, and then select OK:",Begin New Section : Starts a new numbering sequence. Choose a style from the pop-up,Begin New Section: Starts a new numbering sequence. Choose a style from the pop-up,356.45,-18,0,0,0,12,12,0,0,0,1,0,0,0,0,0,1,1,1,0,0,0,0,1,0,0,0,1,13,13,0
Begin New Section : Starts a new numbering sequence. Choose a style from the pop-up,Begin New Section: Starts a new numbering sequence. Choose a style from the pop-up,"menu, and enter a starting page number for the section. Specify a Prefix, if desired.","menu, and enter a starting page number for the section. Specify a Prefix, if desired.",1.8,0,1,0,0,12,12,0,0,1,0,0,0,0,0,0,1,1,0,1,0,0,0,1,0,0,0,1,13,13,1
"menu, and enter a starting page number for the section. Specify a Prefix, if desired.","menu, and enter a starting page number for the section. Specify a Prefix, if desired.",Extend Numbering Used In Preceding Section To Selected Pages : Continues the numbering,Extend Numbering Used In Preceding Section To Selected Pages: Continues the numbering,355.95,0,1,0,0,12,12,0,0,0,1,0,0,0,0,0,1,1,1,0,0,0,0,1,0,0,0,1,13,13,0
Extend Numbering Used In Preceding Section To Selected Pages : Continues the numbering,Extend Numbering Used In Preceding Section To Selected Pages: Continues the numbering,sequence from previous pages without interruption.,sequence from previous pages without interruption.,0.8,0,1,0,0,12,12,0,0,1,0,0,0,0,0,0,1,1,0,1,0,0,0,1,0,0,0,1,13,13,1
Edit Scanned PDFs,Edit Scanned PDFs,"Editing a scanned PDF can be complicated if it includes low-quality text or images, noneditable text, line breaks, or complex formatting. Other inhibiting factors include compatibility","editable text, line breaks, or complex formatting. Other inhibiting factors include compatibility",299.83,0,1,0,1,24,12,-12,0,1,0,0,0,0,0,0,1,1,0,0,0,0,0,1,1,0,0,0,14,14,0
"Editing a scanned PDF can be complicated if it includes low-quality text or images, noneditable text, line breaks, or complex formatting. Other inhibiting factors include compatibility","editable text, line breaks, or complex formatting. Other inhibiting factors include compatibility","issues, security restrictions, and large file sizes, which are more prevalent in PDFs created from","issues, security restrictions, and large file sizes, which are more prevalent in PDFs created from",0,0,1,1,1,12,12,0,1,0,0,0,0,0,0,1,1,1,0,1,0,0,0,1,0,0,0,1,14,14,1
"issues, security restrictions, and large file sizes, which are more prevalent in PDFs created from","issues, security restrictions, and large file sizes, which are more prevalent in PDFs created from",scanned images.,scanned images.,0,0,1,1,0,12,12,0,1,0,0,0,0,0,0,1,1,1,0,1,0,0,0,1,0,0,0,1,14,14,1
scanned images.,scanned images.,"To streamline the process, consider the following best practices and guidelines before editing","To streamline the process, consider the following best practices and guidelines before editing",145.6,0,1,0,1,12,12,0,1,0,0,0,0,0,0,1,1,1,1,0,0,0,0,1,0,0,0,1,14,14,0
"To streamline the process, consider the following best practices and guidelines before editing","To streamline the process, consider the following best practices and guidelines before editing",a scanned document:,a scanned document:,0,0,1,1,0,12,12,0,1,0,0,0,0,0,0,1,1,1,0,1,0,0,0,1,0,0,0,1,14,14,1
a scanned document:,a scanned document:,Check the accuracy of optical character recognition OCR output . When you open a,Check the accuracy of optical character recognition (OCR) output. When you open a,146.23,0,1,0,0,12,12,0,0,0,1,0,0,0,0,0,1,1,1,0,0,0,0,1,0,0,0,1,14,14,0
Check the accuracy of optical character recognition OCR output . When you open a,Check the accuracy of optical character recognition (OCR) output. When you open a,"scanned document, Acrobat automatically runs OCRhttps://www.adobe.com/acrobat/resources/what-is-ocr.html in the background to make the","scanned document, Acrobat automatically runs OCR in the background to make the",1,0,1,0,0,12,12,0,0,1,0,0,0,0,0,0,1,1,0,1,0,0,0,1,0,0,0,1,14,14,1
"scanned document, Acrobat automatically runs OCRhttps://www.adobe.com/acrobat/resources/what-is-ocr.html in the background to make the","scanned document, Acrobat automatically runs OCR in the background to make the","document editable. Before editing, review the document to ensure that the content is","document editable. Before editing, review the document to ensure that the content is",0,0,1,0,1,12,12,0,1,0,0,0,0,0,0,1,1,1,0,1,0,0,0,1,0,0,0,1,14,14,1
"document editable. Before editing, review the document to ensure that the content is","document editable. Before editing, review the document to ensure that the content is","accurate and complete. If necessary, rescan the document using the Scan & OCR - Recognize","accurate and complete. If necessary, rescan the document using the Scan & OCR > Recognize",1.25,0,1,1,0,12,12,0,1,0,0,0,0,0,0,1,1,1,0,1,0,0,0,1,0,0,0,1,14,14,1
"accurate and complete. If necessary, rescan the document using the Scan & OCR - Recognize","accurate and complete. If necessary, rescan the document using the Scan & OCR > Recognize",Text tool to improve the output.,Text tool to improve the output.,0,0,1,0,0,12,12,0,0,0,1,0,0,0,0,0,1,1,0,0,0,0,0,1,0,0,0,1,14,14,1
Text tool to improve the output.,Text tool to improve the output.,"Enhance image quality . If the scanned PDF contains low-quality images, use the Enhance","Enhance image quality. If the scanned PDF contains low-quality images, use the Enhance",146.6,0,1,0,0,12,12,0,1,1,1,0,0,0,0,1,1,1,1,0,0,0,0,1,0,0,0,1,14,14,0
"Enhance image quality . If the scanned PDF contains low-quality images, use the Enhance","Enhance image quality. If the scanned PDF contains low-quality images, use the Enhance",scanned file or Enhance camera image feature to improve the quality of images before,scanned file or Enhance camera image feature to improve the quality of images before,1,0,1,0,0,12,12,0,1,1,1,0,0,0,0,1,1,1,0,1,0,0,0,1,0,0,0,1,14,14,1
scanned file or Enhance camera image feature to improve the quality of images before,scanned file or Enhance camera image feature to improve the quality of images before,"attempting to edit the document. For more information, see Scan documents to PDF.","attempting to edit the document. For more information, see Scan documents to PDF.",1,0,1,0,0,12,12,0,0,1,0,0,0,0,0,0,1,1,0,1,0,0,0,1,0,0,0,1,14,14,1
"attempting to edit the document. For more information, see Scan documents to PDF.","attempting to edit the document. For more information, see Scan documents to PDF.","Use the correct font and formatting . When editing the document, ensure that the font and","Use the correct font and formatting. When editing the document, ensure that the font and",145.6,0,1,0,0,12,12,0,0,0,1,0,0,0,0,0,1,1,1,0,0,0,0,1,0,0,0,1,14,14,0
"Use the correct font and formatting . When editing the document, ensure that the font and","Use the correct font and formatting. When editing the document, ensure that the font and",formatting of the edited text match the original document as closely as possible. If you don't,formatting of the edited text match the original document as closely as possible. If you don't,1,0,1,0,1,12,12,0,0,1,0,0,0,0,0,0,1,1,0,1,0,0,0,1,0,0,0,1,14,14,1
formatting of the edited text match the original document as closely as possible. If you don't,formatting of the edited text match the original document as closely as possible. If you don't,"have the desired fonts on your computer, see Add fonts to your computer.https://helpx.adobe.com/fonts/kb/add-fonts-desktop.html","have the desired fonts on your computer, see Add fonts to your computer.",0,0,1,1,0,12,12,0,1,0,0,0,0,0,0,1,1,1,0,1,0,0,0,1,0,0,0,1,14,14,1
"have the desired fonts on your computer, see Add fonts to your computer.https://helpx.adobe.com/fonts/kb/add-fonts-desktop.html","have the desired fonts on your computer, see Add fonts to your computer.","Remove security restrictions . If the scanned PDF has security restrictions that prevent editing,","Remove security restrictions. If the scanned PDF has security restrictions that prevent editing,",146.23,0,1,0,0,12,12,0,0,0,1,0,0,0,0,0,1,1,0,0,0,0,0,1,0,0,0,1,14,14,0
"Remove security restrictions . If the scanned PDF has security restrictions that prevent editing,","Remove security restrictions. If the scanned PDF has security restrictions that prevent editing,",remove these restrictions before attempting to edit the document. To know how to remove,remove these restrictions before attempting to edit the document. To know how to remove,1,0,1,0,1,12,12,0,0,1,0,0,0,0,0,0,1,1,0,1,0,0,0,1,0,0,0,1,14,14,1
remove these restrictions before attempting to edit the document. To know how to remove,remove these restrictions before attempting to edit the document. To know how to remove,"security from a PDF, see Unlock a PDF.","security from a PDF, see Unlock a PDF.",0,0,1,1,0,12,12,0,1,0,0,0,0,0,0,1,1,1,0,1,0,0,0,1,0,0,0,1,14,14,1
"security from a PDF, see Unlock a PDF.","security from a PDF, see Unlock a PDF.","Avoid editing complex elements . If the scanned PDF contains tables, graphs, or images,","Avoid editing complex elements. If the scanned PDF contains tables, graphs, or images,",145.6,0,1,0,0,12,12,0,0,0,1,0,0,0,0,0,1,1,1,0,0,0,0,1,0,0,0,1,14,14,0
"Avoid editing complex elements . If the scanned PDF contains tables, graphs, or images,","Avoid editing complex elements. If the scanned PDF contains tables, graphs, or images,",avoid unnecessary edits that could alter the layout or formatting of these elements.,avoid unnecessary edits that could alter the layout or formatting of these elements.,1,0,1,0,1,12,12,0,0,1,0,0,0,0,0,0,1,1,0,1,0,0,0,1,0,0,0,1,14,14,1
avoid unnecessary edits that could alter the layout or formatting of these elements.,avoid unnecessary edits that could alter the layout or formatting of these elements.,Check for compatibility issues . Ensure that the version of Adobe Acrobat you're using is,Check for compatibility issues. Ensure that the version of Adobe Acrobat you're using is,145.6,0,1,1,0,12,12,0,0,0,1,0,0,0,0,0,1,1,1,0,0,0,0,1,0,0,0,1,14,14,0
Check for compatibility issues . Ensure that the version of Adobe Acrobat you're using is,Check for compatibility issues. Ensure that the version of Adobe Acrobat you're using is,"compatible with the scanned PDF. If you encounter compatibility issues, try updating Adobe","compatible with the scanned PDF. If you encounter compatibility issues, try updating Adobe",1,0,1,0,1,12,12,0,0,1,0,0,0,0,0,0,1,1,0,1,0,0,0,1,0,0,0,1,14,14,1
"compatible with the scanned PDF. If you encounter compatibility issues, try updating Adobe","compatible with the scanned PDF. If you encounter compatibility issues, try updating Adobe","Acrobat. For more information, see System requirements.https://helpx.adobe.com/acrobat/system-requirements.html","Acrobat. For more information, see System requirements.",0,0,1,1,0,12,12,0,1,0,0,0,0,0,0,1,1,1,0,0,0,0,0,1,0,0,0,1,14,14,1
"Acrobat. For more information, see System requirements.https://helpx.adobe.com/acrobat/system-requirements.html","Acrobat. For more information, see System requirements.",Save a backup copy . Always save a backup copy of the original scanned PDF before making,Save a backup copy. Always save a backup copy of the original scanned PDF before making,146.23,0,1,0,0,12,12,0,0,0,1,0,0,0,0,0,1,1,0,0,0,0,0,1,0,0,0,1,14,14,0
Save a backup copy . Always save a backup copy of the original scanned PDF before making,Save a backup copy. Always save a backup copy of the original scanned PDF before making,any edits. Revert to the original document if any issues arise during the editing process.,any edits. Revert to the original document if any issues arise during the editing process.,1,0,1,0,1,12,12,0,0,1,0,0,0,0,0,0,1,1,0,1,0,0,0,1,0,0,0,1,14,14,1
any edits. Revert to the original document if any issues arise during the editing process.,any edits. Revert to the original document if any issues arise during the editing process.,Recognize text on scanned PDF,Recognize text on scanned PDF,145.48,0,1,1,0,12,16.02,4.02,0,0,1,0,0,0,0,0,1,1,1,0,0,0,0,1,0,1,0,0,14,14,0
Recognize text on scanned PDF,Recognize text on scanned PDF,"You can use the Scan & OCR tool to recognize text, change OCR language, and make all","You can use the Scan & OCR tool to recognize text, change OCR language, and make all",78.27,0,1,0,1,16.02,12,-4.02,0,1,0,0,0,0,0,0,1,1,0,0,0,0,0,1,1,0,0,0,14,14,0
"You can use the Scan & OCR tool to recognize text, change OCR language, and make all","You can use the Scan & OCR tool to recognize text, change OCR language, and make all",pages editable in one go. To do so:,pages editable in one go. To do so:,0,0,1,1,0,12,12,0,1,0,0,0,0,0,0,1,1,1,0,1,0,0,0,1,0,0,0,1,14,14,1
"1. Open the scanned file, and then from the top banner that appears, select Get","1. Open the scanned file, and then from the top banner that appears, select Get",started .,started.,0,18,0,0,0,12,12,0,0,0,1,0,0,0,0,0,1,1,0,1,0,0,0,1,0,0,0,1,15,15,1
started .,started.,It opens the Scan & OCR tool options in the left panel,It opens the Scan & OCR tool options in the left panel,1.86,0,1,0,1,12,12,0,0,1,0,0,0,0,0,0,1,1,1,0,0,0,0,1,0,0,0,1,15,15,0
It opens the Scan & OCR tool options in the left panel,It opens the Scan & OCR tool options in the left panel,"2. From the left panel, under Recognize text, select In this file .","2. From the left panel, under Recognize text, select In this file.",28.86,-18,0,1,0,12,12,0,1,0,0,0,0,0,0,1,1,1,0,0,0,0,0,1,0,0,0,1,15,15,0
"2. From the left panel, under Recognize text, select In this file .","2. From the left panel, under Recognize text, select In this file.","3. In the dialog that opens, select the pages that you want to apply text","3. In the dialog that opens, select the pages that you want to apply text",0.99,0,1,0,0,12,12,0,1,0,0,0,0,0,0,1,1,1,1,0,0,0,0,1,0,0,0,1,15,15,0
"3. In the dialog that opens, select the pages that you want to apply text","3. In the dialog that opens, select the pages that you want to apply text",recognition for and the language.,recognition for and the language.,0,18,0,0,0,12,12,0,1,0,0,0,0,0,0,1,1,1,0,1,0,0,0,1,0,0,0,1,15,15,1
recognition for and the language.,recognition for and the language.,4. Select Recognize text .,4. Select Recognize text.,1.01,-18,0,0,0,12,12,0,1,0,0,0,0,0,0,1,1,1,1,0,0,0,0,1,0,0,0,1,15,15,0
4. Select Recognize text .,4. Select Recognize text.,Edit a scanned document,Edit a scanned document,3.59,-54,0,0,0,12,16.02,4.02,0,0,1,0,0,0,0,0,1,1,1,0,0,0,0,1,0,1,0,0,15,15,0
Edit a scanned document,Edit a scanned document,1. Open the scanned PDF file in Acrobat.,1. Open the scanned PDF file in Acrobat.,0,18,0,0,0,16.02,12,-4.02,0,1,0,0,0,0,0,0,1,1,0,0,0,0,0,1,1,0,0,0,15,15,0
1. Open the scanned PDF file in Acrobat.,1. Open the scanned PDF file in Acrobat.,"2. From the global bar in the upper left, select Edit .","2. From the global bar in the upper left, select Edit.",1.01,0,1,0,0,12,12,0,1,0,0,0,0,0,0,1,1,1,1,0,0,0,0,1,0,0,0,1,15,15,0
"2. From the global bar in the upper left, select Edit .","2. From the global bar in the upper left, select Edit.",3. Select the text element that you want to edit and start typing. The new text matches,3. Select the text element that you want to edit and start typing. The new text matches,0.99,0,1,0,0,12,12,0,1,0,0,0,0,0,0,1,1,1,1,0,0,0,0,1,0,0,0,1,15,15,0
3. Select the text element that you want to edit and start typing. The new text matches,3. Select the text element that you want to edit and start typing. The new text matches,the original font in your scanned PDF.,the original font in your scanned PDF.,0,18,0,0,0,12,12,0,1,0,0,0,0,0,0,1,1,1,0,1,0,0,0,1,0,0,0,1,15,15,1
the original font in your scanned PDF.,the original font in your scanned PDF.,"4. From the upper-left corner, select the hamburger menu Windows or File","4. From the upper-left corner, select the hamburger menu",1.02,-18,0,0,0,12,12,0,1,0,0,0,0,0,0,1,1,1,1,0,0,0,0,1,0,0,0,1,15,15,0
"4. From the upper-left corner, select the hamburger menu Windows or File","4. From the upper-left corner, select the hamburger menu",macOS> Save as and enter a new name for your document.,(macOS)> Save as and enter a new name for your document.,0.02,18,0,0,0,12,12,0,1,0,0,0,0,0,0,1,1,1,0,1,0,0,0,1,0,0,0,1,15,15,1
macOS> Save as and enter a new name for your document.,(macOS)> Save as and enter a new name for your document.,"Initially, the language is set to the default locale, and the other options are disabled. Any","Initially, the language is set to the default locale, and the other options are disabled. Any",0.99,-36,0,0,1,12,12,0,1,0,0,0,0,0,0,1,1,1,1,0,0,0,0,1,0,0,0,1,15,15,0
"Initially, the language is set to the default locale, and the other options are disabled. Any","Initially, the language is set to the default locale, and the other options are disabled. Any",changes to these settings are persisted and are applied when you edit the document.,changes to these settings are persisted and are applied when you edit the document.,0,0,1,1,1,12,12,0,1,0,0,0,0,0,0,1,1,1,0,1,0,0,0,1,0,0,0,1,15,15,1
Enhance scanned file or camera images for clear PDFs,Enhance scanned file or camera images for,You can capture document photos with your smartphone and use the Enhance camera,You can capture document photos with your smartphone and use the Enhance camera,4.99,0,1,1,0,24,12,-12,0,1,0,0,0,0,0,0,1,1,0,0,0,0,0,1,1,0,0,0,16,16,0
You can capture document photos with your smartphone and use the Enhance camera,You can capture document photos with your smartphone and use the Enhance camera,"image feature to create polished, clear, and compact PDFs without needing a standard","image feature to create polished, clear, and compact PDFs without needing a standard",0,0,1,0,0,12,12,0,0,0,1,0,0,0,0,0,1,1,0,1,0,0,0,1,0,0,0,1,16,16,1
"image feature to create polished, clear, and compact PDFs without needing a standard","image feature to create polished, clear, and compact PDFs without needing a standard","scanner. This feature addresses common issues in mobile-captured images, such as incorrect","scanner. This feature addresses common issues in mobile-captured images, such as incorrect",0.01,0,1,0,1,12,12,0,0,1,0,0,0,0,0,0,1,1,0,1,0,0,0,1,0,0,0,1,16,16,1
"scanner. This feature addresses common issues in mobile-captured images, such as incorrect","scanner. This feature addresses common issues in mobile-captured images, such as incorrect","perspectives, areas beyond boundaries, shadows, and inconsistent lighting. While it may not","perspectives, areas beyond boundaries, shadows, and inconsistent lighting. While it may not",0,0,1,1,1,12,12,0,1,0,0,0,0,0,0,1,1,1,0,1,0,0,0,1,0,0,0,1,16,16,1
"perspectives, areas beyond boundaries, shadows, and inconsistent lighting. While it may not","perspectives, areas beyond boundaries, shadows, and inconsistent lighting. While it may not","eliminate all problems, it significantly improves the overall quality of your resulting PDF.","eliminate all problems, it significantly improves the overall quality of your resulting PDF.",0,0,1,1,1,12,12,0,1,0,0,0,0,0,0,1,1,1,0,1,0,0,0,1,0,0,0,1,16,16,1
"eliminate all problems, it significantly improves the overall quality of your resulting PDF.","eliminate all problems, it significantly improves the overall quality of your resulting PDF.",Enhance camera image,Enhance camera image,1,0,1,1,0,12,16.02,4.02,1,0,0,0,0,0,0,1,1,1,1,0,0,0,0,1,0,1,0,0,16,16,0
Enhance camera image,Enhance camera image,1. Open the photograph or image of the document in Acrobat.,1. Open the photograph or image of the document in Acrobat.,0,18,0,0,0,16.02,12,-4.02,1,0,0,0,0,0,0,1,1,1,0,0,0,0,0,1,1,0,0,0,16,16,0
1. Open the photograph or image of the document in Acrobat.,1. Open the photograph or image of the document in Acrobat.,"2. From the All tools menu, select Scan & OCR .","2. From the All tools menu, select Scan & OCR.",1.02,0,1,0,0,12,12,0,1,0,0,0,0,0,0,1,1,1,1,0,0,0,0,1,0,0,0,1,16,16,0
"2. From the All tools menu, select Scan & OCR .","2. From the All tools menu, select Scan & OCR.","3. From the left panel, select Enhance camera image and then from the dialog that","3. From the left panel, select Enhance camera image and then from the dialog that",1.02,0,1,0,0,12,12,0,1,0,0,0,0,0,0,1,1,1,1,0,0,0,0,1,0,0,0,1,16,16,0
"3. From the left panel, select Enhance camera image and then from the dialog that","3. From the left panel, select Enhance camera image and then from the dialog that","opens, select Enhance .","opens, select Enhance.",0.02,18,0,0,0,12,12,0,1,0,0,0,0,0,0,1,1,1,0,1,0,0,0,1,0,0,0,1,16,16,1
"opens, select Enhance .","opens, select Enhance.",4. The image is enhanced and a PDF of the image is shown.,4. The image is enhanced and a PDF of the image is shown.,1,-18,0,0,0,12,12,0,1,0,0,0,0,0,0,1,1,1,1,0,0,0,0,1,0,0,0,1,16,16,0
4. The image is enhanced and a PDF of the image is shown.,4. The image is enhanced and a PDF of the image is shown.,"5. Optional To further adjust the default enhancement level, drag the Adjust","5. (Optional) To further adjust the default enhancement level, drag the Adjust",35,0,1,0,0,12,12,0,1,0,0,0,0,0,0,1,1,1,1,0,0,0,0,1,0,0,0,1,16,16,0
"5. Optional To further adjust the default enhancement level, drag the Adjust","5. (Optional) To further adjust the default enhancement level, drag the Adjust",enhancement level slider in the secondary toolbar.,enhancement level slider in the secondary toolbar.,0,18,0,0,0,12,12,0,1,0,0,0,0,0,0,1,1,1,0,1,0,0,0,1,0,0,0,1,16,16,1
